airport_code,airport_name,city,coordinates_lon,coordinates_lat,timezone
AP001,Airport 1,City 0,-41.374038,-3.998351,UTC
AP002,Airport 2,City 1,-67.848995,-68.384532,UTC
AP003,Airport 3,City 2,-23.613427,54.946021,UTC
AP004,Airport 4,City 3,-90.208298,-72.769812,UTC
AP005,Airport 5,City 4,65.0373,69.40601,UTC
AP006,Airport 6,City 5,128.660299,-67.588242,UTC
AP007,Airport 7,City 6,178.853048,-72.762421,UTC
AP008,Airport 8,City 7,25.187434,77.252765,UTC
AP009,Airport 9,City 8,-145.244841,49.601856,UTC
AP010,Airport 10,City 9,-132.982537,49.22465,UTC
AP011,Airport 11,City 10,112.318774,-73.759444,UTC
AP012,Airport 12,City 11,-172.315902,-6.437187,UTC
AP013,Airport 13,City 12,-154.163571,73.093752,UTC
AP014,Airport 14,City 13,-15.076124,3.902739,UTC
AP015,Airport 15,City 14,-1.321795,30.81653,UTC
AP016,Airport 16,City 15,-0.022585,-14.996527,UTC
AP017,Airport 17,City 16,-41.04056,-85.745363,UTC
AP018,Airport 18,City 17,-149.550398,-78.875469,UTC
AP019,Airport 19,City 18,140.139897,68.936002,UTC
AP020,Airport 20,City 19,53.06232,77.800019,UTC
AP021,Airport 21,City 20,-91.992145,-0.507897,UTC
AP022,Airport 22,City 21,-162.916851,-61.691499,UTC
AP023,Airport 23,City 22,173.88344,-40.627616,UTC
AP024,Airport 24,City 23,-168.419522,-58.096467,UTC
AP025,Airport 25,City 24,9.633296,-86.233957,UTC
AP026,Airport 26,City 25,32.175553,81.848607,UTC
AP027,Airport 27,City 26,-133.722129,-79.474463,UTC
AP028,Airport 28,City 27,-22.008855,-33.782737,UTC
AP029,Airport 29,City 28,-111.858298,-69.005575,UTC
AP030,Airport 30,City 29,-58.298132,76.883571,UTC
AP031,Airport 31,City 30,-71.669936,-72.677712,UTC
AP032,Airport 32,City 31,29.663287,-85.487071,UTC
AP033,Airport 33,City 32,49.786168,76.451537,UTC
AP034,Airport 34,City 33,133.487097,-31.703824,UTC
AP035,Airport 35,City 34,101.51005,-39.68748,UTC
AP036,Airport 36,City 35,-151.353072,-85.211232,UTC
AP037,Airport 37,City 36,-77.510989,15.810618,UTC
AP038,Airport 38,City 37,4.954847,40.965306,UTC
AP039,Airport 39,City 38,-36.62799,62.892322,UTC
AP040,Airport 40,City 39,157.661269,17.636377,UTC
AP041,Airport 41,City 40,-47.072088,-29.923938,UTC
AP042,Airport 42,City 41,-66.793607,-89.125129,UTC
AP043,Airport 43,City 42,82.583941,-60.19868,UTC
AP044,Airport 44,City 43,158.916987,-82.688107,UTC
AP045,Airport 45,City 44,68.683074,77.294942,UTC
AP046,Airport 46,City 45,-61.569115,6.873368,UTC
AP047,Airport 47,City 46,-177.571014,25.288914,UTC
AP048,Airport 48,City 47,-97.10172,69.12243,UTC
AP049,Airport 49,City 48,-158.336324,-32.628535,UTC
AP050,Airport 50,City 49,12.90996,50.777759,UTC
AP051,Airport 51,City 50,-58.581245,-73.81306,UTC
AP052,Airport 52,City 51,-15.483519,-9.519194,UTC
AP053,Airport 53,City 52,89.302032,-28.908681,UTC
AP054,Airport 54,City 53,-6.761031,-81.153325,UTC
AP055,Airport 55,City 54,-36.427674,-0.591632,UTC
AP056,Airport 56,City 55,-164.405444,-13.096704,UTC
AP057,Airport 57,City 56,-164.849509,75.835568,UTC
AP058,Airport 58,City 57,-27.675915,-60.813378,UTC
AP059,Airport 59,City 58,160.516025,-42.397672,UTC
AP060,Airport 60,City 59,54.761387,-73.771071,UTC
AP061,Airport 61,City 60,-131.540034,-46.754218,UTC
AP062,Airport 62,City 61,84.858918,-23.464557,UTC
AP063,Airport 63,City 62,-13.759351,28.094161,UTC
AP064,Airport 64,City 63,-28.209227,-20.928442,UTC
AP065,Airport 65,City 64,4.039706,-16.971455,UTC
AP066,Airport 66,City 65,134.099937,-47.622844,UTC
AP067,Airport 67,City 66,-117.070507,54.570762,UTC
AP068,Airport 68,City 67,65.209376,45.735784,UTC
AP069,Airport 69,City 68,-10.114696,-26.009383,UTC
AP070,Airport 70,City 69,-48.859247,61.206884,UTC
AP071,Airport 71,City 70,75.156291,30.379001,UTC
AP072,Airport 72,City 71,-175.524277,-45.400996,UTC
AP073,Airport 73,City 72,-131.896514,-5.906265,UTC
AP074,Airport 74,City 73,-80.080006,59.401053,UTC
AP075,Airport 75,City 74,-28.583266,-59.075457,UTC
AP076,Airport 76,City 75,-129.961447,27.643382,UTC
AP077,Airport 77,City 76,-0.530171,-40.597257,UTC
AP078,Airport 78,City 77,38.62032,-12.252529,UTC
AP079,Airport 79,City 78,80.567705,12.768852,UTC
AP080,Airport 80,City 79,174.522065,60.756143,UTC
AP081,Airport 81,City 80,-173.566736,-22.28272,UTC
AP082,Airport 82,City 81,55.351299,-18.795995,UTC
AP083,Airport 83,City 82,-53.63264,-53.794724,UTC
AP084,Airport 84,City 83,116.021777,-9.042883,UTC
AP085,Airport 85,City 84,-36.607999,-24.850627,UTC
AP086,Airport 86,City 85,-50.078276,-54.326694,UTC
AP087,Airport 87,City 86,33.794335,-11.884978,UTC
AP088,Airport 88,City 87,-5.902597,-88.369631,UTC
AP089,Airport 89,City 88,-17.313116,-69.559713,UTC
AP090,Airport 90,City 89,108.942878,81.643782,UTC
AP091,Airport 91,City 90,-176.61242,7.683079,UTC
AP092,Airport 92,City 91,52.598749,-5.902548,UTC
AP093,Airport 93,City 92,89.45623,51.273718,UTC
AP094,Airport 94,City 93,4.90331,84.095084,UTC
AP095,Airport 95,City 94,-1.829782,-51.536456,UTC
AP096,Airport 96,City 95,-149.188465,-12.22594,UTC
AP097,Airport 97,City 96,44.598737,76.37571,UTC
AP098,Airport 98,City 97,-1.580556,-17.770894,UTC
AP099,Airport 99,City 98,-99.158238,27.771897,UTC
AP100,Airport 100,City 99,50.543057,-15.626484,UTC
AP101,Airport 101,City 100,114.064037,-25.466668,UTC
AP102,Airport 102,City 101,147.108214,76.639924,UTC
AP103,Airport 103,City 102,176.827775,88.890674,UTC
AP104,Airport 104,City 103,111.782551,-81.63019,UTC
AP105,Airport 105,City 104,-177.941678,69.137761,UTC
AP106,Airport 106,City 105,138.752933,76.972809,UTC
AP107,Airport 107,City 106,-169.330672,58.970198,UTC
AP108,Airport 108,City 107,-32.761218,-86.302187,UTC
AP109,Airport 109,City 108,123.377147,-3.575818,UTC
AP110,Airport 110,City 109,137.375916,4.73841,UTC
AP111,Airport 111,City 110,-91.409943,77.859237,UTC
AP112,Airport 112,City 111,61.720432,-14.704542,UTC
AP113,Airport 113,City 112,-174.017988,-21.458896,UTC
AP114,Airport 114,City 113,159.149246,-67.094126,UTC
AP115,Airport 115,City 114,-110.865673,-57.122084,UTC
AP116,Airport 116,City 115,112.350581,-24.223806,UTC
AP117,Airport 117,City 116,-147.785373,44.238885,UTC
AP118,Airport 118,City 117,-177.377774,48.499116,UTC
AP119,Airport 119,City 118,50.842328,-67.638168,UTC
AP120,Airport 120,City 119,-136.571878,5.928156,UTC
AP121,Airport 121,City 120,-44.822177,-50.086691,UTC
AP122,Airport 122,City 121,157.452186,-7.133337,UTC
AP123,Airport 123,City 122,-153.538053,7.601622,UTC
AP124,Airport 124,City 123,35.458886,1.440472,UTC
AP125,Airport 125,City 124,106.485139,80.558734,UTC
AP126,Airport 126,City 125,88.890807,76.651119,UTC
AP127,Airport 127,City 126,-75.263396,-49.781578,UTC
AP128,Airport 128,City 127,12.30486,-59.635854,UTC
AP129,Airport 129,City 128,156.31566,-11.936583,UTC
AP130,Airport 130,City 129,-58.919092,17.551183,UTC
AP131,Airport 131,City 130,54.854443,-19.209964,UTC
AP132,Airport 132,City 131,172.384604,-30.427941,UTC
AP133,Airport 133,City 132,86.189809,79.478115,UTC
AP134,Airport 134,City 133,133.128147,-58.981327,UTC
AP135,Airport 135,City 134,-136.430862,49.963704,UTC
AP136,Airport 136,City 135,84.393291,-27.611557,UTC
AP137,Airport 137,City 136,106.976034,54.325591,UTC
AP138,Airport 138,City 137,-83.07711,28.177774,UTC
AP139,Airport 139,City 138,142.601382,82.493205,UTC
AP140,Airport 140,City 139,-141.991934,76.280724,UTC
AP141,Airport 141,City 140,-5.139774,56.212836,UTC
AP142,Airport 142,City 141,-12.923489,-46.682002,UTC
AP143,Airport 143,City 142,-144.892631,-5.546746,UTC
AP144,Airport 144,City 143,88.151877,-74.402641,UTC
AP145,Airport 145,City 144,48.89171,-50.392595,UTC
AP146,Airport 146,City 145,161.578853,-88.774865,UTC
AP147,Airport 147,City 146,175.669414,-15.819801,UTC
AP148,Airport 148,City 147,-177.032008,48.905266,UTC
AP149,Airport 149,City 148,38.428897,-63.330418,UTC
AP150,Airport 150,City 149,-9.206689,14.510527,UTC
AP151,Airport 151,City 150,-91.681168,83.803155,UTC
AP152,Airport 152,City 151,5.701301,62.454555,UTC
AP153,Airport 153,City 152,-80.428865,-3.507601,UTC
AP154,Airport 154,City 153,82.63834,30.955481,UTC
AP155,Airport 155,City 154,132.999759,-4.298641,UTC
AP156,Airport 156,City 155,148.941679,76.324414,UTC
AP157,Airport 157,City 156,-107.052808,14.008426,UTC
AP158,Airport 158,City 157,55.779678,62.20388,UTC
AP159,Airport 159,City 158,-46.120145,-79.487928,UTC
AP160,Airport 160,City 159,-138.363636,-48.875598,UTC
AP161,Airport 161,City 160,60.92333,-87.914847,UTC
AP162,Airport 162,City 161,32.317521,-36.601853,UTC
AP163,Airport 163,City 162,15.146498,77.880412,UTC
AP164,Airport 164,City 163,-80.577619,39.336538,UTC
AP165,Airport 165,City 164,-95.842383,-86.927162,UTC
AP166,Airport 166,City 165,-96.015582,56.651661,UTC
AP167,Airport 167,City 166,-145.358906,86.169953,UTC
AP168,Airport 168,City 167,159.877506,29.281002,UTC
AP169,Airport 169,City 168,-118.494113,85.448345,UTC
AP170,Airport 170,City 169,90.637914,-61.028532,UTC
AP171,Airport 171,City 170,168.844057,23.37279,UTC
AP172,Airport 172,City 171,-142.339306,-4.420494,UTC
AP173,Airport 173,City 172,108.547721,38.927229,UTC
AP174,Airport 174,City 173,37.442169,37.785602,UTC
AP175,Airport 175,City 174,35.987032,22.902261,UTC
AP176,Airport 176,City 175,12.6376,-73.069585,UTC
AP177,Airport 177,City 176,42.226272,-66.19029,UTC
AP178,Airport 178,City 177,107.928273,-46.656527,UTC
AP179,Airport 179,City 178,-126.843396,76.891356,UTC
AP180,Airport 180,City 179,48.327333,3.099791,UTC
AP181,Airport 181,City 180,14.364609,77.576877,UTC
AP182,Airport 182,City 181,-171.60178,68.782288,UTC
AP183,Airport 183,City 182,-34.32827,-31.800727,UTC
AP184,Airport 184,City 183,114.727894,-34.029968,UTC
AP185,Airport 185,City 184,-96.382502,47.172555,UTC
AP186,Airport 186,City 185,93.940419,-76.821973,UTC
AP187,Airport 187,City 186,-136.765308,66.859539,UTC
AP188,Airport 188,City 187,146.843398,-1.803585,UTC
AP189,Airport 189,City 188,160.145658,-15.903447,UTC
AP190,Airport 190,City 189,122.983858,15.140696,UTC
AP191,Airport 191,City 190,23.976192,-71.255804,UTC
AP192,Airport 192,City 191,101.25336,-42.232669,UTC
AP193,Airport 193,City 192,55.497054,27.306632,UTC
AP194,Airport 194,City 193,-125.333848,-88.839692,UTC
AP195,Airport 195,City 194,-118.245839,63.981387,UTC
AP196,Airport 196,City 195,174.101089,-55.181543,UTC
AP197,Airport 197,City 196,-109.866472,61.64505,UTC
AP198,Airport 198,City 197,-129.984947,-0.533375,UTC
AP199,Airport 199,City 198,-167.87054,39.797035,UTC
AP200,Airport 200,City 199,-134.059938,-72.764553,UTC
AP201,Airport 201,City 200,-90.478503,11.509497,UTC
AP202,Airport 202,City 201,-139.010894,-69.759782,UTC
AP203,Airport 203,City 202,-16.755058,-31.658583,UTC
AP204,Airport 204,City 203,-14.813957,53.010587,UTC
AP205,Airport 205,City 204,1.02976,-47.500588,UTC
AP206,Airport 206,City 205,97.961173,-77.831484,UTC
AP207,Airport 207,City 206,-18.140026,-3.9018,UTC
AP208,Airport 208,City 207,-103.947514,-87.175928,UTC
AP209,Airport 209,City 208,-125.164185,62.399041,UTC
AP210,Airport 210,City 209,-70.288516,-84.908727,UTC
AP211,Airport 211,City 210,-146.6591,10.482626,UTC
AP212,Airport 212,City 211,154.016723,-15.109733,UTC
AP213,Airport 213,City 212,-66.86093,37.287512,UTC
AP214,Airport 214,City 213,171.293968,15.432656,UTC
AP215,Airport 215,City 214,59.946302,66.288726,UTC
AP216,Airport 216,City 215,-0.090499,16.643344,UTC
AP217,Airport 217,City 216,136.308286,12.401458,UTC
AP218,Airport 218,City 217,161.06661,71.244688,UTC
AP219,Airport 219,City 218,-6.265158,-7.726331,UTC
AP220,Airport 220,City 219,132.046384,-52.542218,UTC
AP221,Airport 221,City 220,117.184072,0.067833,UTC
AP222,Airport 222,City 221,130.343151,-72.630717,UTC
AP223,Airport 223,City 222,-16.714402,71.020735,UTC
AP224,Airport 224,City 223,-151.706937,-75.679103,UTC
AP225,Airport 225,City 224,154.748439,19.304249,UTC
AP226,Airport 226,City 225,-18.238849,-81.274797,UTC
AP227,Airport 227,City 226,167.135878,-80.184964,UTC
AP228,Airport 228,City 227,-64.453115,83.02759,UTC
AP229,Airport 229,City 228,170.86875,-51.200208,UTC
AP230,Airport 230,City 229,164.534177,0.752227,UTC
AP231,Airport 231,City 230,-66.260886,43.664334,UTC
AP232,Airport 232,City 231,112.278808,-53.989301,UTC
AP233,Airport 233,City 232,84.953209,36.132282,UTC
AP234,Airport 234,City 233,101.457826,-13.410786,UTC
AP235,Airport 235,City 234,37.01893,21.663086,UTC
AP236,Airport 236,City 235,-77.185484,12.360513,UTC
AP237,Airport 237,City 236,175.727281,9.345068,UTC
AP238,Airport 238,City 237,34.640776,-7.381333,UTC
AP239,Airport 239,City 238,30.021985,83.477037,UTC
AP240,Airport 240,City 239,75.289515,-70.845823,UTC
AP241,Airport 241,City 240,-138.661337,83.616034,UTC
AP242,Airport 242,City 241,71.240773,36.253441,UTC
AP243,Airport 243,City 242,-46.772752,74.131895,UTC
AP244,Airport 244,City 243,-4.840754,48.798354,UTC
AP245,Airport 245,City 244,-26.819233,16.056406,UTC
AP246,Airport 246,City 245,-170.077287,60.462531,UTC
AP247,Airport 247,City 246,113.071189,89.775889,UTC
AP248,Airport 248,City 247,-178.583724,56.73189,UTC
AP249,Airport 249,City 248,-4.097402,-70.137431,UTC
AP250,Airport 250,City 249,175.867772,24.990283,UTC
AP251,Airport 251,City 250,159.880897,66.134475,UTC
AP252,Airport 252,City 251,62.635415,88.241791,UTC
AP253,Airport 253,City 252,143.377524,64.684946,UTC
AP254,Airport 254,City 253,7.27807,62.42493,UTC
AP255,Airport 255,City 254,34.892364,-31.046298,UTC
AP256,Airport 256,City 255,-115.41736,-8.252052,UTC
AP257,Airport 257,City 256,-84.655042,-85.734229,UTC
AP258,Airport 258,City 257,-97.511667,5.854262,UTC
AP259,Airport 259,City 258,35.371496,84.331525,UTC
AP260,Airport 260,City 259,-130.440468,-16.248954,UTC
AP261,Airport 261,City 260,53.077259,-75.556358,UTC
AP262,Airport 262,City 261,-125.260467,-47.183869,UTC
AP263,Airport 263,City 262,2.253033,5.741931,UTC
AP264,Airport 264,City 263,-87.858613,2.416245,UTC
AP265,Airport 265,City 264,63.534386,-27.961782,UTC
AP266,Airport 266,City 265,-115.537358,39.395492,UTC
AP267,Airport 267,City 266,-172.385745,-37.661311,UTC
AP268,Airport 268,City 267,-117.363968,0.697286,UTC
AP269,Airport 269,City 268,-6.562281,-18.941277,UTC
AP270,Airport 270,City 269,-19.414567,-87.783349,UTC
AP271,Airport 271,City 270,-97.186187,80.665769,UTC
AP272,Airport 272,City 271,131.574686,32.49061,UTC
AP273,Airport 273,City 272,167.720716,83.686972,UTC
AP274,Airport 274,City 273,158.070981,-54.636492,UTC
AP275,Airport 275,City 274,106.924849,17.31426,UTC
AP276,Airport 276,City 275,61.244391,-41.520486,UTC
AP277,Airport 277,City 276,-133.599974,7.607486,UTC
AP278,Airport 278,City 277,-61.098281,4.699702,UTC
AP279,Airport 279,City 278,-124.65032,43.711109,UTC
AP280,Airport 280,City 279,165.974486,4.293511,UTC
AP281,Airport 281,City 280,44.525392,2.722109,UTC
AP282,Airport 282,City 281,-106.304965,-55.496431,UTC
AP283,Airport 283,City 282,33.811802,-75.815217,UTC
AP284,Airport 284,City 283,114.85541,-57.100906,UTC
AP285,Airport 285,City 284,-137.656,8.421715,UTC
AP286,Airport 286,City 285,171.690058,38.0379,UTC
AP287,Airport 287,City 286,-4.899679,49.914977,UTC
AP288,Airport 288,City 287,107.671067,60.029618,UTC
AP289,Airport 289,City 288,-105.988145,-23.095941,UTC
AP290,Airport 290,City 289,-34.774313,67.542918,UTC
AP291,Airport 291,City 290,-39.33919,-32.752243,UTC
AP292,Airport 292,City 291,-5.496596,-42.480417,UTC
AP293,Airport 293,City 292,-4.49314,22.335531,UTC
AP294,Airport 294,City 293,1.883258,67.967357,UTC
AP295,Airport 295,City 294,-141.390033,46.006235,UTC
AP296,Airport 296,City 295,175.377062,-79.501439,UTC
AP297,Airport 297,City 296,41.051976,-43.162264,UTC
AP298,Airport 298,City 297,-66.250026,-48.075027,UTC
AP299,Airport 299,City 298,131.280039,-80.936601,UTC
AP300,Airport 300,City 299,119.225646,84.53501,UTC
AP301,Airport 301,City 300,-142.566598,0.94687,UTC
AP302,Airport 302,City 301,147.527167,41.386138,UTC
AP303,Airport 303,City 302,12.937071,-66.631734,UTC
AP304,Airport 304,City 303,-100.77001,-89.042675,UTC
AP305,Airport 305,City 304,-63.986392,19.9795,UTC
AP306,Airport 306,City 305,-93.197395,76.304488,UTC
AP307,Airport 307,City 306,89.859086,86.223169,UTC
AP308,Airport 308,City 307,90.254156,37.63287,UTC
AP309,Airport 309,City 308,-77.346874,84.585944,UTC
AP310,Airport 310,City 309,118.406196,79.051278,UTC
AP311,Airport 311,City 310,-110.448885,-61.97502,UTC
AP312,Airport 312,City 311,-39.546733,51.998774,UTC
AP313,Airport 313,City 312,-99.745992,68.366323,UTC
AP314,Airport 314,City 313,109.52268,42.859397,UTC
AP315,Airport 315,City 314,114.187046,-76.470594,UTC
AP316,Airport 316,City 315,14.567234,-11.96713,UTC
AP317,Airport 317,City 316,22.580121,-20.222063,UTC
AP318,Airport 318,City 317,148.185375,53.781425,UTC
AP319,Airport 319,City 318,68.346541,-41.727479,UTC
AP320,Airport 320,City 319,39.301576,-59.360257,UTC
AP321,Airport 321,City 320,35.110933,25.879261,UTC
AP322,Airport 322,City 321,156.777667,23.450622,UTC
AP323,Airport 323,City 322,28.001954,-68.601269,UTC
AP324,Airport 324,City 323,-72.889097,-72.232159,UTC
AP325,Airport 325,City 324,163.085276,70.199402,UTC
AP326,Airport 326,City 325,-47.203534,86.228905,UTC
AP327,Airport 327,City 326,-24.158332,-63.341951,UTC
AP328,Airport 328,City 327,85.449612,14.341573,UTC
AP329,Airport 329,City 328,-133.802939,32.653149,UTC
AP330,Airport 330,City 329,59.244432,-89.905898,UTC
AP331,Airport 331,City 330,25.668564,73.251733,UTC
AP332,Airport 332,City 331,60.103237,85.741135,UTC
AP333,Airport 333,City 332,122.675519,-51.800417,UTC
AP334,Airport 334,City 333,29.400229,-3.602056,UTC
AP335,Airport 335,City 334,-135.01599,59.541611,UTC
AP336,Airport 336,City 335,-85.812766,72.818223,UTC
AP337,Airport 337,City 336,99.515309,-27.989123,UTC
AP338,Airport 338,City 337,-4.537848,21.699225,UTC
AP339,Airport 339,City 338,2.751336,41.243702,UTC
AP340,Airport 340,City 339,21.03774,-21.906757,UTC
AP341,Airport 341,City 340,146.135558,-62.486529,UTC
AP342,Airport 342,City 341,-41.821305,-12.124064,UTC
AP343,Airport 343,City 342,153.979242,42.750864,UTC
AP344,Airport 344,City 343,145.234768,-57.128997,UTC
AP345,Airport 345,City 344,81.574433,-12.069618,UTC
AP346,Airport 346,City 345,-22.569523,-45.614235,UTC
AP347,Airport 347,City 346,-47.228218,47.399077,UTC
AP348,Airport 348,City 347,164.365151,-29.743865,UTC
AP349,Airport 349,City 348,-139.427086,28.497618,UTC
AP350,Airport 350,City 349,-96.262086,70.125147,UTC
AP351,Airport 351,City 350,-143.829591,71.0299,UTC
AP352,Airport 352,City 351,-139.193286,-76.889639,UTC
AP353,Airport 353,City 352,35.976237,8.580517,UTC
AP354,Airport 354,City 353,19.507468,-79.168861,UTC
AP355,Airport 355,City 354,89.468707,50.379745,UTC
AP356,Airport 356,City 355,-167.161793,86.03846,UTC
AP357,Airport 357,City 356,-135.96384,19.654117,UTC
AP358,Airport 358,City 357,130.782175,-89.905596,UTC
AP359,Airport 359,City 358,86.743813,35.0003,UTC
AP360,Airport 360,City 359,163.786277,44.35127,UTC
AP361,Airport 361,City 360,55.675441,-75.951396,UTC
AP362,Airport 362,City 361,-118.217631,21.309911,UTC
AP363,Airport 363,City 362,4.05981,-6.080335,UTC
AP364,Airport 364,City 363,68.827551,58.37343,UTC
AP365,Airport 365,City 364,-59.163536,-78.296803,UTC
AP366,Airport 366,City 365,111.46705,-21.066451,UTC
AP367,Airport 367,City 366,20.665684,22.306896,UTC
AP368,Airport 368,City 367,-26.281411,36.840074,UTC
AP369,Airport 369,City 368,158.229098,53.431151,UTC
AP370,Airport 370,City 369,95.715602,-16.037186,UTC
AP371,Airport 371,City 370,-7.483196,70.186972,UTC
AP372,Airport 372,City 371,-14.676463,73.015535,UTC
AP373,Airport 373,City 372,134.824276,4.918757,UTC
AP374,Airport 374,City 373,-66.900194,27.991871,UTC
AP375,Airport 375,City 374,-145.642208,-22.761196,UTC
AP376,Airport 376,City 375,179.153751,37.821232,UTC
AP377,Airport 377,City 376,103.017556,-10.047467,UTC
AP378,Airport 378,City 377,65.19299,-12.032038,UTC
AP379,Airport 379,City 378,4.639014,-22.974247,UTC
AP380,Airport 380,City 379,35.277758,-19.125133,UTC
AP381,Airport 381,City 380,144.893787,-44.857878,UTC
AP382,Airport 382,City 381,-130.000872,34.677324,UTC
AP383,Airport 383,City 382,-134.006003,6.015321,UTC
AP384,Airport 384,City 383,-144.116871,1.518207,UTC
AP385,Airport 385,City 384,-93.719097,-15.884198,UTC
AP386,Airport 386,City 385,124.95935,-6.223597,UTC
AP387,Airport 387,City 386,-99.654886,13.848305,UTC
AP388,Airport 388,City 387,63.714328,28.252662,UTC
AP389,Airport 389,City 388,122.044721,85.894308,UTC
AP390,Airport 390,City 389,146.881107,68.124552,UTC
AP391,Airport 391,City 390,50.860827,16.149325,UTC
AP392,Airport 392,City 391,64.538138,63.471988,UTC
AP393,Airport 393,City 392,-61.558563,78.044355,UTC
AP394,Airport 394,City 393,29.34092,-22.641793,UTC
AP395,Airport 395,City 394,-115.672169,-49.153474,UTC
AP396,Airport 396,City 395,-20.210229,-11.923932,UTC
AP397,Airport 397,City 396,98.958957,28.912389,UTC
AP398,Airport 398,City 397,113.230254,11.260127,UTC
AP399,Airport 399,City 398,42.280843,29.519353,UTC
AP400,Airport 400,City 399,166.025899,31.857745,UTC
AP401,Airport 401,City 400,78.575135,-81.417736,UTC
AP402,Airport 402,City 401,57.555505,50.319944,UTC
AP403,Airport 403,City 402,160.881618,15.36692,UTC
AP404,Airport 404,City 403,-6.090334,-9.498976,UTC
AP405,Airport 405,City 404,-148.260285,-10.501025,UTC
AP406,Airport 406,City 405,-27.306816,64.216687,UTC
AP407,Airport 407,City 406,97.61897,-44.680413,UTC
AP408,Airport 408,City 407,-62.406466,18.410499,UTC
AP409,Airport 409,City 408,93.918108,15.69162,UTC
AP410,Airport 410,City 409,-9.244715,-32.627921,UTC
AP411,Airport 411,City 410,-176.462078,-55.63868,UTC
AP412,Airport 412,City 411,156.693854,-49.666056,UTC
AP413,Airport 413,City 412,97.454634,20.440654,UTC
AP414,Airport 414,City 413,-150.835946,-63.667719,UTC
AP415,Airport 415,City 414,70.065615,-26.495724,UTC
AP416,Airport 416,City 415,-11.975222,-77.198813,UTC
AP417,Airport 417,City 416,-71.87548,-52.664649,UTC
AP418,Airport 418,City 417,-116.950239,86.832367,UTC
AP419,Airport 419,City 418,20.551471,-5.554663,UTC
AP420,Airport 420,City 419,9.292247,3.13739,UTC
AP421,Airport 421,City 420,-134.186672,74.975414,UTC
AP422,Airport 422,City 421,141.871755,-32.959514,UTC
AP423,Airport 423,City 422,143.671961,-56.204747,UTC
AP424,Airport 424,City 423,129.809373,-44.921179,UTC
AP425,Airport 425,City 424,-132.854785,58.394318,UTC
AP426,Airport 426,City 425,57.283536,-18.071371,UTC
AP427,Airport 427,City 426,-20.182241,-50.733642,UTC
AP428,Airport 428,City 427,70.61715,78.894368,UTC
AP429,Airport 429,City 428,71.263173,28.552154,UTC
AP430,Airport 430,City 429,-30.636143,-11.199316,UTC
AP431,Airport 431,City 430,11.318216,88.900273,UTC
AP432,Airport 432,City 431,124.927061,3.490376,UTC
AP433,Airport 433,City 432,76.380888,-21.099796,UTC
AP434,Airport 434,City 433,127.372534,-56.265736,UTC
AP435,Airport 435,City 434,-3.145776,-69.860668,UTC
AP436,Airport 436,City 435,101.248895,16.136627,UTC
AP437,Airport 437,City 436,-124.920395,-78.862183,UTC
AP438,Airport 438,City 437,-43.386994,25.240726,UTC
AP439,Airport 439,City 438,166.940794,-26.407888,UTC
AP440,Airport 440,City 439,118.603871,-12.722616,UTC
AP441,Airport 441,City 440,11.069869,39.768512,UTC
AP442,Airport 442,City 441,71.638544,-40.190545,UTC
AP443,Airport 443,City 442,28.571296,61.565993,UTC
AP444,Airport 444,City 443,6.445807,16.863103,UTC
AP445,Airport 445,City 444,-156.056542,61.269377,UTC
AP446,Airport 446,City 445,-168.109114,-56.8982,UTC
AP447,Airport 447,City 446,117.771184,62.299899,UTC
AP448,Airport 448,City 447,-40.525903,-14.17415,UTC
AP449,Airport 449,City 448,27.301209,-37.621416,UTC
AP450,Airport 450,City 449,39.295285,68.890037,UTC
AP451,Airport 451,City 450,168.672025,-32.997966,UTC
AP452,Airport 452,City 451,-160.832393,44.440217,UTC
AP453,Airport 453,City 452,32.380353,-77.338815,UTC
AP454,Airport 454,City 453,134.346492,-8.273764,UTC
AP455,Airport 455,City 454,6.378992,-47.57911,UTC
AP456,Airport 456,City 455,-112.408932,-1.099026,UTC
AP457,Airport 457,City 456,-167.840619,-17.039433,UTC
AP458,Airport 458,City 457,4.593567,38.227406,UTC
AP459,Airport 459,City 458,-98.453556,23.152161,UTC
AP460,Airport 460,City 459,165.269812,-70.309042,UTC
AP461,Airport 461,City 460,86.529274,44.397675,UTC
AP462,Airport 462,City 461,-80.954481,-6.626166,UTC
AP463,Airport 463,City 462,-179.505242,-26.041235,UTC
AP464,Airport 464,City 463,23.10895,-63.474567,UTC
AP465,Airport 465,City 464,139.807646,-86.851969,UTC
AP466,Airport 466,City 465,-27.590177,-30.169427,UTC
AP467,Airport 467,City 466,-158.59852,73.372999,UTC
AP468,Airport 468,City 467,-90.968534,-7.72875,UTC
AP469,Airport 469,City 468,-14.715154,-28.746977,UTC
AP470,Airport 470,City 469,-107.442348,-33.612793,UTC
AP471,Airport 471,City 470,87.28833,43.291487,UTC
AP472,Airport 472,City 471,49.195238,62.163293,UTC
AP473,Airport 473,City 472,-47.062582,-40.738885,UTC
AP474,Airport 474,City 473,21.140025,63.62662,UTC
AP475,Airport 475,City 474,143.82933,-0.529796,UTC
AP476,Airport 476,City 475,4.122734,30.609512,UTC
AP477,Airport 477,City 476,-90.95778,-34.951615,UTC
AP478,Airport 478,City 477,-0.18898,-5.572065,UTC
AP479,Airport 479,City 478,-79.812434,86.861325,UTC
AP480,Airport 480,City 479,-67.799101,63.699513,UTC
AP481,Airport 481,City 480,-74.183618,-65.30582,UTC
AP482,Airport 482,City 481,-35.208141,-2.579455,UTC
AP483,Airport 483,City 482,-153.110455,27.316029,UTC
AP484,Airport 484,City 483,89.627896,-33.544267,UTC
AP485,Airport 485,City 484,-16.552874,3.962049,UTC
AP486,Airport 486,City 485,117.61039,-88.554359,UTC
AP487,Airport 487,City 486,141.08048,38.421501,UTC
AP488,Airport 488,City 487,-133.673032,-70.055867,UTC
AP489,Airport 489,City 488,-52.566144,-27.473215,UTC
AP490,Airport 490,City 489,-122.443708,-88.087378,UTC
AP491,Airport 491,City 490,-175.471628,3.789173,UTC
AP492,Airport 492,City 491,-138.857709,78.898189,UTC
AP493,Airport 493,City 492,13.395817,-40.438188,UTC
AP494,Airport 494,City 493,-38.234405,38.926848,UTC
AP495,Airport 495,City 494,42.499992,59.326346,UTC
AP496,Airport 496,City 495,126.566799,-74.856599,UTC
AP497,Airport 497,City 496,-53.919498,80.597823,UTC
AP498,Airport 498,City 497,103.335661,60.734772,UTC
AP499,Airport 499,City 498,80.943505,-10.111618,UTC
AP500,Airport 500,City 499,179.967469,49.059179,UTC
AP501,Airport 501,City 500,-137.977952,-81.866736,UTC
AP502,Airport 502,City 501,-103.030795,38.863439,UTC
AP503,Airport 503,City 502,-176.829807,48.226883,UTC
AP504,Airport 504,City 503,52.576968,78.996499,UTC
AP505,Airport 505,City 504,40.52226,49.711667,UTC
AP506,Airport 506,City 505,56.655576,-66.541091,UTC
AP507,Airport 507,City 506,37.159443,-13.259209,UTC
AP508,Airport 508,City 507,50.553394,28.801712,UTC
AP509,Airport 509,City 508,43.725575,-85.483921,UTC
AP510,Airport 510,City 509,89.336413,86.989079,UTC
AP511,Airport 511,City 510,4.948976,9.5989,UTC
AP512,Airport 512,City 511,-83.320029,-18.542639,UTC
AP513,Airport 513,City 512,-165.753682,-49.246925,UTC
AP514,Airport 514,City 513,-153.448206,-31.198926,UTC
AP515,Airport 515,City 514,-54.764877,68.459924,UTC
AP516,Airport 516,City 515,-33.131604,12.626799,UTC
AP517,Airport 517,City 516,101.156166,-24.089756,UTC
AP518,Airport 518,City 517,121.58801,11.869864,UTC
AP519,Airport 519,City 518,105.108548,-62.934262,UTC
AP520,Airport 520,City 519,79.301589,-25.26259,UTC
AP521,Airport 521,City 520,-141.523268,-12.158974,UTC
AP522,Airport 522,City 521,64.440642,-81.998031,UTC
AP523,Airport 523,City 522,60.939306,55.389832,UTC
AP524,Airport 524,City 523,-62.628269,-49.142473,UTC
AP525,Airport 525,City 524,-37.795143,-52.962552,UTC
AP526,Airport 526,City 525,70.091344,11.311936,UTC
AP527,Airport 527,City 526,-33.487115,-78.468928,UTC
AP528,Airport 528,City 527,164.745663,35.146036,UTC
AP529,Airport 529,City 528,106.826603,-42.666273,UTC
AP530,Airport 530,City 529,151.049973,-2.477974,UTC
AP531,Airport 531,City 530,122.007392,10.20829,UTC
AP532,Airport 532,City 531,9.085425,-43.67723,UTC
AP533,Airport 533,City 532,162.704391,45.071121,UTC
AP534,Airport 534,City 533,-169.043849,-25.166519,UTC
AP535,Airport 535,City 534,103.786863,22.413251,UTC
AP536,Airport 536,City 535,-25.568885,-15.10019,UTC
AP537,Airport 537,City 536,45.114066,81.302204,UTC
AP538,Airport 538,City 537,69.650988,-24.294225,UTC
AP539,Airport 539,City 538,-55.538466,-8.857768,UTC
AP540,Airport 540,City 539,-120.176708,-85.709339,UTC
AP541,Airport 541,City 540,127.117138,-41.863122,UTC
AP542,Airport 542,City 541,126.633516,-75.206594,UTC
AP543,Airport 543,City 542,159.11047,9.089283,UTC
AP544,Airport 544,City 543,79.390762,37.412281,UTC
AP545,Airport 545,City 544,-123.212529,-9.374619,UTC
AP546,Airport 546,City 545,-168.39015,-44.025072,UTC
AP547,Airport 547,City 546,-35.453733,36.345474,UTC
AP548,Airport 548,City 547,29.616483,59.933266,UTC
AP549,Airport 549,City 548,169.668127,-59.434258,UTC
AP550,Airport 550,City 549,-168.571856,-87.515322,UTC
AP551,Airport 551,City 550,-82.947169,16.447534,UTC
AP552,Airport 552,City 551,83.590133,-63.131831,UTC
AP553,Airport 553,City 552,-103.976092,34.111202,UTC
AP554,Airport 554,City 553,96.897922,-72.743637,UTC
AP555,Airport 555,City 554,-16.261915,-72.021877,UTC
AP556,Airport 556,City 555,22.330099,-27.655779,UTC
AP557,Airport 557,City 556,162.03551,-80.847499,UTC
AP558,Airport 558,City 557,-152.961725,-72.512275,UTC
AP559,Airport 559,City 558,155.032904,-2.545631,UTC
AP560,Airport 560,City 559,-179.496654,-63.343005,UTC
AP561,Airport 561,City 560,-51.347363,-46.025806,UTC
AP562,Airport 562,City 561,114.785181,56.056455,UTC
AP563,Airport 563,City 562,-40.559611,29.159956,UTC
AP564,Airport 564,City 563,119.008751,58.555116,UTC
AP565,Airport 565,City 564,115.183676,88.155296,UTC
AP566,Airport 566,City 565,-18.355226,65.753833,UTC
AP567,Airport 567,City 566,4.234094,26.873959,UTC
AP568,Airport 568,City 567,91.154592,31.462996,UTC
AP569,Airport 569,City 568,-64.143659,-41.653503,UTC
AP570,Airport 570,City 569,114.918577,14.704108,UTC
AP571,Airport 571,City 570,-151.312789,-18.06132,UTC
AP572,Airport 572,City 571,-21.274589,32.64096,UTC
AP573,Airport 573,City 572,138.271794,-26.343052,UTC
AP574,Airport 574,City 573,-79.374966,-41.186527,UTC
AP575,Airport 575,City 574,-74.072567,-13.052747,UTC
AP576,Airport 576,City 575,-141.94876,-85.787713,UTC
AP577,Airport 577,City 576,4.73296,-40.173543,UTC
AP578,Airport 578,City 577,-80.657703,82.477847,UTC
AP579,Airport 579,City 578,-98.130387,23.192057,UTC
AP580,Airport 580,City 579,131.424967,6.621616,UTC
AP581,Airport 581,City 580,158.966875,37.072527,UTC
AP582,Airport 582,City 581,123.641117,-1.075994,UTC
AP583,Airport 583,City 582,120.380342,30.317394,UTC
AP584,Airport 584,City 583,142.477687,88.379213,UTC
AP585,Airport 585,City 584,-142.057102,-50.252254,UTC
AP586,Airport 586,City 585,-85.221057,40.124619,UTC
AP587,Airport 587,City 586,164.96519,-26.249144,UTC
AP588,Airport 588,City 587,-8.013425,-27.403173,UTC
AP589,Airport 589,City 588,7.067966,70.725652,UTC
AP590,Airport 590,City 589,-85.791796,-24.347606,UTC
AP591,Airport 591,City 590,145.860205,-1.021954,UTC
AP592,Airport 592,City 591,76.810427,15.553621,UTC
AP593,Airport 593,City 592,44.80048,-4.679803,UTC
AP594,Airport 594,City 593,18.414152,-58.483357,UTC
AP595,Airport 595,City 594,-50.139708,57.607142,UTC
AP596,Airport 596,City 595,93.008352,-1.670603,UTC
AP597,Airport 597,City 596,140.981888,44.085265,UTC
AP598,Airport 598,City 597,6.86607,-4.159487,UTC
AP599,Airport 599,City 598,-119.955736,14.770112,UTC
AP600,Airport 600,City 599,-52.150854,-6.457394,UTC
AP601,Airport 601,City 600,24.757635,-29.762205,UTC
AP602,Airport 602,City 601,134.328261,-35.655519,UTC
AP603,Airport 603,City 602,-101.224278,73.121677,UTC
AP604,Airport 604,City 603,23.527755,31.766893,UTC
AP605,Airport 605,City 604,-121.17553,-0.405206,UTC
AP606,Airport 606,City 605,129.850829,88.808017,UTC
AP607,Airport 607,City 606,-178.928769,17.965523,UTC
AP608,Airport 608,City 607,-129.917342,77.908544,UTC
AP609,Airport 609,City 608,17.259975,32.067205,UTC
AP610,Airport 610,City 609,-149.717996,68.642556,UTC
AP611,Airport 611,City 610,132.891772,23.555347,UTC
AP612,Airport 612,City 611,51.373838,87.855247,UTC
AP613,Airport 613,City 612,84.785728,-5.250416,UTC
AP614,Airport 614,City 613,61.579901,86.913809,UTC
AP615,Airport 615,City 614,150.113402,33.737668,UTC
AP616,Airport 616,City 615,-54.322487,86.540188,UTC
AP617,Airport 617,City 616,-134.841004,-59.911458,UTC
AP618,Airport 618,City 617,-57.364908,-35.344123,UTC
AP619,Airport 619,City 618,-50.485836,9.756312,UTC
AP620,Airport 620,City 619,3.231396,48.042839,UTC
AP621,Airport 621,City 620,8.719839,-73.598965,UTC
AP622,Airport 622,City 621,162.609887,17.163625,UTC
AP623,Airport 623,City 622,139.327358,34.349905,UTC
AP624,Airport 624,City 623,-179.441789,-47.278948,UTC
AP625,Airport 625,City 624,46.236696,-37.040561,UTC
AP626,Airport 626,City 625,152.089089,-62.104936,UTC
AP627,Airport 627,City 626,-109.68262,-70.286461,UTC
AP628,Airport 628,City 627,67.390651,-51.961023,UTC
AP629,Airport 629,City 628,46.194063,-72.304796,UTC
AP630,Airport 630,City 629,105.180907,36.984556,UTC
AP631,Airport 631,City 630,-134.352698,-79.908677,UTC
AP632,Airport 632,City 631,-105.161457,-58.939712,UTC
AP633,Airport 633,City 632,-45.338465,-7.369273,UTC
AP634,Airport 634,City 633,65.529307,-26.794782,UTC
AP635,Airport 635,City 634,-118.590505,36.156738,UTC
AP636,Airport 636,City 635,-116.964581,74.521837,UTC
AP637,Airport 637,City 636,-38.277348,-40.3529,UTC
AP638,Airport 638,City 637,-169.476252,82.706613,UTC
AP639,Airport 639,City 638,148.299446,14.394116,UTC
AP640,Airport 640,City 639,70.112999,-76.098789,UTC
AP641,Airport 641,City 640,59.958176,14.903394,UTC
AP642,Airport 642,City 641,151.980595,30.086552,UTC
AP643,Airport 643,City 642,171.559671,-52.705484,UTC
AP644,Airport 644,City 643,-40.177039,-80.427557,UTC
AP645,Airport 645,City 644,-68.271057,10.755734,UTC
AP646,Airport 646,City 645,-90.117883,-86.534016,UTC
AP647,Airport 647,City 646,56.295829,-6.672573,UTC
AP648,Airport 648,City 647,103.240018,-49.359327,UTC
AP649,Airport 649,City 648,-30.464873,-25.437138,UTC
AP650,Airport 650,City 649,56.655699,42.130523,UTC
AP651,Airport 651,City 650,87.516047,-26.878167,UTC
AP652,Airport 652,City 651,-79.478323,7.967162,UTC
AP653,Airport 653,City 652,104.537066,-42.228853,UTC
AP654,Airport 654,City 653,-160.047024,12.272225,UTC
AP655,Airport 655,City 654,25.265625,-20.606256,UTC
AP656,Airport 656,City 655,42.064354,28.228946,UTC
AP657,Airport 657,City 656,73.305456,-12.441024,UTC
AP658,Airport 658,City 657,-115.305037,-77.366417,UTC
AP659,Airport 659,City 658,37.255092,-71.717328,UTC
AP660,Airport 660,City 659,121.220525,-83.039311,UTC
AP661,Airport 661,City 660,-110.030607,-60.338703,UTC
AP662,Airport 662,City 661,-25.907883,-33.902868,UTC
AP663,Airport 663,City 662,42.316882,-49.441697,UTC
AP664,Airport 664,City 663,-165.655293,-36.152702,UTC
AP665,Airport 665,City 664,-110.150034,-31.727012,UTC
AP666,Airport 666,City 665,-172.720325,8.103126,UTC
AP667,Airport 667,City 666,-126.524396,-73.870419,UTC
AP668,Airport 668,City 667,172.754375,-39.783181,UTC
AP669,Airport 669,City 668,111.493433,-15.802717,UTC
AP670,Airport 670,City 669,-159.946989,-80.029068,UTC
AP671,Airport 671,City 670,-81.680121,10.450199,UTC
AP672,Airport 672,City 671,102.237676,79.638255,UTC
AP673,Airport 673,City 672,-152.490622,11.119243,UTC
AP674,Airport 674,City 673,82.520966,45.298529,UTC
AP675,Airport 675,City 674,-13.745405,63.142476,UTC
AP676,Airport 676,City 675,128.050546,-31.709208,UTC
AP677,Airport 677,City 676,142.353911,51.349232,UTC
AP678,Airport 678,City 677,25.020886,71.642684,UTC
AP679,Airport 679,City 678,-170.044045,-1.926372,UTC
AP680,Airport 680,City 679,-140.857004,-41.609384,UTC
AP681,Airport 681,City 680,-98.982325,89.644397,UTC
AP682,Airport 682,City 681,85.259432,87.168371,UTC
AP683,Airport 683,City 682,-98.647437,5.826317,UTC
AP684,Airport 684,City 683,-122.045781,-47.42138,UTC
AP685,Airport 685,City 684,-160.79996,-37.931779,UTC
AP686,Airport 686,City 685,-39.804422,-71.887816,UTC
AP687,Airport 687,City 686,141.611557,29.23648,UTC
AP688,Airport 688,City 687,-18.87407,38.072472,UTC
AP689,Airport 689,City 688,-124.23386,-57.50865,UTC
AP690,Airport 690,City 689,-149.907517,2.58429,UTC
AP691,Airport 691,City 690,-85.289955,40.90418,UTC
AP692,Airport 692,City 691,95.904199,-25.27956,UTC
AP693,Airport 693,City 692,-170.206453,72.12524,UTC
AP694,Airport 694,City 693,35.391132,-69.841983,UTC
AP695,Airport 695,City 694,141.315752,37.616939,UTC
AP696,Airport 696,City 695,69.423494,30.285484,UTC
AP697,Airport 697,City 696,135.687569,10.296296,UTC
AP698,Airport 698,City 697,-9.27756,68.427535,UTC
AP699,Airport 699,City 698,-168.100295,-75.908915,UTC
AP700,Airport 700,City 699,-119.769609,-20.703429,UTC
AP701,Airport 701,City 700,159.562868,27.848542,UTC
AP702,Airport 702,City 701,96.300281,9.199723,UTC
AP703,Airport 703,City 702,10.818672,-12.800278,UTC
AP704,Airport 704,City 703,-92.713781,66.700709,UTC
AP705,Airport 705,City 704,65.956146,-35.827246,UTC
AP706,Airport 706,City 705,115.424847,-70.852406,UTC
AP707,Airport 707,City 706,157.223613,26.526863,UTC
AP708,Airport 708,City 707,21.145201,-83.306583,UTC
AP709,Airport 709,City 708,166.808765,-70.896738,UTC
AP710,Airport 710,City 709,66.706066,7.255206,UTC
AP711,Airport 711,City 710,37.337184,-28.810925,UTC
AP712,Airport 712,City 711,109.490187,49.763367,UTC
AP713,Airport 713,City 712,92.663026,62.780772,UTC
AP714,Airport 714,City 713,-94.565142,28.555742,UTC
AP715,Airport 715,City 714,-178.912298,-9.447409,UTC
AP716,Airport 716,City 715,83.014299,22.086353,UTC
AP717,Airport 717,City 716,115.454063,-35.531531,UTC
AP718,Airport 718,City 717,51.152486,50.430001,UTC
AP719,Airport 719,City 718,-73.103526,82.999123,UTC
AP720,Airport 720,City 719,-147.74333,30.320733,UTC
AP721,Airport 721,City 720,-27.400587,69.525329,UTC
AP722,Airport 722,City 721,88.111783,34.611848,UTC
AP723,Airport 723,City 722,-159.510504,-73.10126,UTC
AP724,Airport 724,City 723,60.326039,-81.070764,UTC
AP725,Airport 725,City 724,-139.374769,-22.983825,UTC
AP726,Airport 726,City 725,13.108953,34.055002,UTC
AP727,Airport 727,City 726,2.311567,-3.281829,UTC
AP728,Airport 728,City 727,-74.838819,-74.835079,UTC
AP729,Airport 729,City 728,-125.131092,45.874438,UTC
AP730,Airport 730,City 729,46.407077,-7.325373,UTC
AP731,Airport 731,City 730,142.881657,85.465146,UTC
AP732,Airport 732,City 731,46.991524,-33.851354,UTC
AP733,Airport 733,City 732,-24.861807,38.393801,UTC
AP734,Airport 734,City 733,105.461426,-44.720375,UTC
AP735,Airport 735,City 734,-81.675372,-13.168225,UTC
AP736,Airport 736,City 735,-114.639805,31.641199,UTC
AP737,Airport 737,City 736,3.413469,-34.185225,UTC
AP738,Airport 738,City 737,-113.507152,67.70472,UTC
AP739,Airport 739,City 738,68.584057,12.228415,UTC
AP740,Airport 740,City 739,158.818373,34.182934,UTC
AP741,Airport 741,City 740,51.034096,-83.684356,UTC
AP742,Airport 742,City 741,-157.420874,7.338361,UTC
AP743,Airport 743,City 742,-15.625528,-3.128475,UTC
AP744,Airport 744,City 743,-154.764343,71.166437,UTC
AP745,Airport 745,City 744,18.603724,86.610097,UTC
AP746,Airport 746,City 745,34.745163,76.405848,UTC
AP747,Airport 747,City 746,-141.116079,51.665535,UTC
AP748,Airport 748,City 747,143.98563,-24.500973,UTC
AP749,Airport 749,City 748,137.406208,-14.964465,UTC
AP750,Airport 750,City 749,108.57129,33.109602,UTC
AP751,Airport 751,City 750,70.955938,19.34408,UTC
AP752,Airport 752,City 751,89.58459,7.740876,UTC
AP753,Airport 753,City 752,-59.625195,-23.005488,UTC
AP754,Airport 754,City 753,-115.550657,22.258499,UTC
AP755,Airport 755,City 754,153.697081,61.325344,UTC
AP756,Airport 756,City 755,-55.114126,-33.636219,UTC
AP757,Airport 757,City 756,142.687958,-61.604083,UTC
AP758,Airport 758,City 757,-69.327819,33.596043,UTC
AP759,Airport 759,City 758,-55.554598,-37.306311,UTC
AP760,Airport 760,City 759,96.78617,30.079617,UTC
AP761,Airport 761,City 760,-143.106284,17.262455,UTC
AP762,Airport 762,City 761,54.019644,33.570201,UTC
AP763,Airport 763,City 762,41.457947,15.82692,UTC
AP764,Airport 764,City 763,-30.819621,16.920309,UTC
AP765,Airport 765,City 764,-149.491274,-3.481931,UTC
AP766,Airport 766,City 765,-39.553496,28.599778,UTC
AP767,Airport 767,City 766,-121.528901,-18.921647,UTC
AP768,Airport 768,City 767,-159.100799,15.65996,UTC
AP769,Airport 769,City 768,-55.198309,-12.605139,UTC
AP770,Airport 770,City 769,57.89147,66.851957,UTC
AP771,Airport 771,City 770,17.160264,-21.748288,UTC
AP772,Airport 772,City 771,-10.884827,-87.758631,UTC
AP773,Airport 773,City 772,-137.876263,79.301547,UTC
AP774,Airport 774,City 773,-137.803248,24.473714,UTC
AP775,Airport 775,City 774,146.528346,84.903951,UTC
AP776,Airport 776,City 775,4.02223,-57.104704,UTC
AP777,Airport 777,City 776,0.240267,55.463641,UTC
AP778,Airport 778,City 777,167.395713,72.309805,UTC
AP779,Airport 779,City 778,-77.330251,-85.845555,UTC
AP780,Airport 780,City 779,-96.971587,-23.942716,UTC
AP781,Airport 781,City 780,113.128767,8.80724,UTC
AP782,Airport 782,City 781,108.271452,-2.04975,UTC
AP783,Airport 783,City 782,106.218309,2.929553,UTC
AP784,Airport 784,City 783,-129.536262,-71.3339,UTC
AP785,Airport 785,City 784,162.008573,73.639612,UTC
AP786,Airport 786,City 785,6.33859,55.421427,UTC
AP787,Airport 787,City 786,168.721391,54.96883,UTC
AP788,Airport 788,City 787,-123.357456,42.128761,UTC
AP789,Airport 789,City 788,167.515411,40.759531,UTC
AP790,Airport 790,City 789,68.591108,72.390869,UTC
AP791,Airport 791,City 790,71.459827,80.647725,UTC
AP792,Airport 792,City 791,158.482929,11.969426,UTC
AP793,Airport 793,City 792,134.536886,-47.490963,UTC
AP794,Airport 794,City 793,164.11961,66.67443,UTC
AP795,Airport 795,City 794,-7.20027,-34.53893,UTC
AP796,Airport 796,City 795,2.840535,-42.406265,UTC
AP797,Airport 797,City 796,-58.973522,-77.731177,UTC
AP798,Airport 798,City 797,-22.144166,-61.264323,UTC
AP799,Airport 799,City 798,69.424344,18.637456,UTC
AP800,Airport 800,City 799,-23.183172,-45.72122,UTC
AP801,Airport 801,City 800,-9.931585,-13.585049,UTC
AP802,Airport 802,City 801,-65.251982,-57.149816,UTC
AP803,Airport 803,City 802,122.40898,-88.000405,UTC
AP804,Airport 804,City 803,120.856078,54.010426,UTC
AP805,Airport 805,City 804,-168.097473,48.500509,UTC
AP806,Airport 806,City 805,164.834456,23.900184,UTC
AP807,Airport 807,City 806,91.259635,48.564504,UTC
AP808,Airport 808,City 807,128.859035,40.27151,UTC
AP809,Airport 809,City 808,51.750557,-26.567635,UTC
AP810,Airport 810,City 809,172.633095,67.11031,UTC
AP811,Airport 811,City 810,121.676451,62.499053,UTC
AP812,Airport 812,City 811,84.6047,-56.343793,UTC
AP813,Airport 813,City 812,136.668502,-69.800441,UTC
AP814,Airport 814,City 813,54.223077,-60.779472,UTC
AP815,Airport 815,City 814,-113.708449,78.421874,UTC
AP816,Airport 816,City 815,75.169951,-2.589126,UTC
AP817,Airport 817,City 816,-26.040519,68.209706,UTC
AP818,Airport 818,City 817,130.545151,58.861112,UTC
AP819,Airport 819,City 818,29.720177,46.153306,UTC
AP820,Airport 820,City 819,-145.171659,7.727068,UTC
AP821,Airport 821,City 820,157.59956,-64.3767,UTC
AP822,Airport 822,City 821,166.993333,33.497878,UTC
AP823,Airport 823,City 822,-136.499038,-8.079476,UTC
AP824,Airport 824,City 823,-162.736711,40.137779,UTC
AP825,Airport 825,City 824,151.145798,42.181683,UTC
AP826,Airport 826,City 825,-168.138332,76.264111,UTC
AP827,Airport 827,City 826,-97.215274,69.668305,UTC
AP828,Airport 828,City 827,94.840261,7.947831,UTC
AP829,Airport 829,City 828,-78.370454,71.869463,UTC
AP830,Airport 830,City 829,144.732057,-69.799603,UTC
AP831,Airport 831,City 830,179.392895,-52.42666,UTC
AP832,Airport 832,City 831,61.950492,-14.376956,UTC
AP833,Airport 833,City 832,-29.204545,-85.967085,UTC
AP834,Airport 834,City 833,-11.548538,16.217133,UTC
AP835,Airport 835,City 834,-29.951886,75.193496,UTC
AP836,Airport 836,City 835,-96.431389,86.586667,UTC
AP837,Airport 837,City 836,-29.176164,87.999996,UTC
AP838,Airport 838,City 837,94.819393,62.02499,UTC
AP839,Airport 839,City 838,-69.17498,-3.011448,UTC
AP840,Airport 840,City 839,-112.695445,-59.483011,UTC
AP841,Airport 841,City 840,-69.683688,-24.236114,UTC
AP842,Airport 842,City 841,-122.109447,32.73281,UTC
AP843,Airport 843,City 842,37.72196,87.026652,UTC
AP844,Airport 844,City 843,-84.25131,52.755455,UTC
AP845,Airport 845,City 844,31.746256,88.676228,UTC
AP846,Airport 846,City 845,147.354977,33.358061,UTC
AP847,Airport 847,City 846,91.956733,88.626838,UTC
AP848,Airport 848,City 847,35.43747,-31.300192,UTC
AP849,Airport 849,City 848,32.124254,60.290876,UTC
AP850,Airport 850,City 849,176.071644,12.453954,UTC
AP851,Airport 851,City 850,169.794184,71.289393,UTC
AP852,Airport 852,City 851,-168.357791,1.540552,UTC
AP853,Airport 853,City 852,159.692168,43.500698,UTC
AP854,Airport 854,City 853,146.136993,-9.90247,UTC
AP855,Airport 855,City 854,63.30723,32.747489,UTC
AP856,Airport 856,City 855,-120.9448,-43.567001,UTC
AP857,Airport 857,City 856,-140.595711,42.970796,UTC
AP858,Airport 858,City 857,19.724516,33.005326,UTC
AP859,Airport 859,City 858,148.760068,52.222237,UTC
AP860,Airport 860,City 859,138.417117,44.091117,UTC
AP861,Airport 861,City 860,64.658144,-73.893592,UTC
AP862,Airport 862,City 861,123.00663,72.303261,UTC
AP863,Airport 863,City 862,-35.369551,1.514598,UTC
AP864,Airport 864,City 863,-16.676586,-0.457661,UTC
AP865,Airport 865,City 864,-164.5881,-2.350701,UTC
AP866,Airport 866,City 865,102.928336,72.802403,UTC
AP867,Airport 867,City 866,31.535082,-37.008196,UTC
AP868,Airport 868,City 867,-84.837626,-35.502605,UTC
AP869,Airport 869,City 868,167.777649,22.183622,UTC
AP870,Airport 870,City 869,-45.033255,-74.363417,UTC
AP871,Airport 871,City 870,-81.018639,43.14294,UTC
AP872,Airport 872,City 871,166.624453,-60.717709,UTC
AP873,Airport 873,City 872,90.883249,-14.996314,UTC
AP874,Airport 874,City 873,-141.15394,-32.49714,UTC
AP875,Airport 875,City 874,142.273306,-47.476987,UTC
AP876,Airport 876,City 875,59.853515,-72.8014,UTC
AP877,Airport 877,City 876,36.790204,68.43741,UTC
AP878,Airport 878,City 877,111.402425,78.91219,UTC
AP879,Airport 879,City 878,5.847304,-78.924101,UTC
AP880,Airport 880,City 879,-172.943422,37.528097,UTC
AP881,Airport 881,City 880,-44.474381,78.587117,UTC
AP882,Airport 882,City 881,-34.668379,-43.844633,UTC
AP883,Airport 883,City 882,-84.815914,-69.556867,UTC
AP884,Airport 884,City 883,93.273043,-36.529005,UTC
AP885,Airport 885,City 884,-11.349737,-74.762437,UTC
AP886,Airport 886,City 885,172.898716,70.659415,UTC
AP887,Airport 887,City 886,-89.189633,20.93391,UTC
AP888,Airport 888,City 887,-56.205647,52.579613,UTC
AP889,Airport 889,City 888,42.434398,71.124568,UTC
AP890,Airport 890,City 889,145.226959,32.444808,UTC
AP891,Airport 891,City 890,55.999211,48.022298,UTC
AP892,Airport 892,City 891,156.273647,-71.592591,UTC
AP893,Airport 893,City 892,8.074304,-14.985406,UTC
AP894,Airport 894,City 893,129.594066,-29.177169,UTC
AP895,Airport 895,City 894,-169.546184,83.551066,UTC
AP896,Airport 896,City 895,-157.712345,84.811063,UTC
AP897,Airport 897,City 896,-103.88572,22.786832,UTC
AP898,Airport 898,City 897,-161.019684,14.106241,UTC
AP899,Airport 899,City 898,155.468988,70.776976,UTC
AP900,Airport 900,City 899,121.938077,68.587735,UTC
AP901,Airport 901,City 900,166.736401,7.603606,UTC
AP902,Airport 902,City 901,-117.278152,6.557547,UTC
AP903,Airport 903,City 902,12.788123,76.724994,UTC
AP904,Airport 904,City 903,-55.536225,31.068534,UTC
AP905,Airport 905,City 904,121.974986,-76.671562,UTC
AP906,Airport 906,City 905,46.383556,-86.260215,UTC
AP907,Airport 907,City 906,59.198687,6.142286,UTC
AP908,Airport 908,City 907,110.018455,-5.538726,UTC
AP909,Airport 909,City 908,52.607295,-62.884593,UTC
AP910,Airport 910,City 909,-85.13561,60.445468,UTC
AP911,Airport 911,City 910,170.093871,-13.601387,UTC
AP912,Airport 912,City 911,136.621786,-25.913385,UTC
AP913,Airport 913,City 912,-138.063894,15.147198,UTC
AP914,Airport 914,City 913,15.568682,-57.670651,UTC
AP915,Airport 915,City 914,-43.54099,43.128302,UTC
AP916,Airport 916,City 915,11.166591,38.266092,UTC
AP917,Airport 917,City 916,119.739706,85.380243,UTC
AP918,Airport 918,City 917,-92.734151,3.425007,UTC
AP919,Airport 919,City 918,62.857038,-16.404237,UTC
AP920,Airport 920,City 919,-127.879405,16.989351,UTC
AP921,Airport 921,City 920,12.38423,5.450458,UTC
AP922,Airport 922,City 921,121.214112,29.7992,UTC
AP923,Airport 923,City 922,25.291739,8.656831,UTC
AP924,Airport 924,City 923,-37.461094,64.79314,UTC
AP925,Airport 925,City 924,61.084365,25.32181,UTC
AP926,Airport 926,City 925,-131.608833,-0.411607,UTC
AP927,Airport 927,City 926,-0.106796,53.485702,UTC
AP928,Airport 928,City 927,-112.379939,24.845693,UTC
AP929,Airport 929,City 928,110.540399,89.686057,UTC
AP930,Airport 930,City 929,-133.392971,-20.206658,UTC
AP931,Airport 931,City 930,49.298422,48.163577,UTC
AP932,Airport 932,City 931,8.566563,-18.978089,UTC
AP933,Airport 933,City 932,-39.587607,57.367004,UTC
AP934,Airport 934,City 933,82.394365,75.119865,UTC
AP935,Airport 935,City 934,-0.723512,58.495629,UTC
AP936,Airport 936,City 935,160.718537,33.187343,UTC
AP937,Airport 937,City 936,-31.578956,-74.569408,UTC
AP938,Airport 938,City 937,-72.723286,61.35749,UTC
AP939,Airport 939,City 938,-176.601082,42.756037,UTC
AP940,Airport 940,City 939,-26.39968,-44.271699,UTC
AP941,Airport 941,City 940,93.950044,-64.392422,UTC
AP942,Airport 942,City 941,174.736974,38.574775,UTC
AP943,Airport 943,City 942,-173.861159,-57.48265,UTC
AP944,Airport 944,City 943,7.154834,33.596004,UTC
AP945,Airport 945,City 944,14.968452,67.709071,UTC
AP946,Airport 946,City 945,-110.43672,-2.989276,UTC
AP947,Airport 947,City 946,-126.249256,-73.279928,UTC
AP948,Airport 948,City 947,-129.194574,17.336712,UTC
AP949,Airport 949,City 948,164.163899,42.608239,UTC
AP950,Airport 950,City 949,121.571011,39.321118,UTC
AP951,Airport 951,City 950,-74.055837,55.168798,UTC
AP952,Airport 952,City 951,-65.127023,-74.423703,UTC
AP953,Airport 953,City 952,99.475485,-24.271138,UTC
AP954,Airport 954,City 953,107.917202,-22.824048,UTC
AP955,Airport 955,City 954,100.799343,-67.779541,UTC
AP956,Airport 956,City 955,60.910697,54.921396,UTC
AP957,Airport 957,City 956,155.151521,56.70441,UTC
AP958,Airport 958,City 957,102.309327,-60.78308,UTC
AP959,Airport 959,City 958,-77.910004,-62.153674,UTC
AP960,Airport 960,City 959,-176.757419,79.596255,UTC
AP961,Airport 961,City 960,38.159973,-70.792446,UTC
AP962,Airport 962,City 961,72.969497,4.247557,UTC
AP963,Airport 963,City 962,-139.645403,40.828747,UTC
AP964,Airport 964,City 963,167.498922,-14.102874,UTC
AP965,Airport 965,City 964,-173.624875,22.563086,UTC
AP966,Airport 966,City 965,-55.341146,70.10627,UTC
AP967,Airport 967,City 966,66.20291,-18.062245,UTC
AP968,Airport 968,City 967,-94.843343,48.73849,UTC
AP969,Airport 969,City 968,161.868507,81.230417,UTC
AP970,Airport 970,City 969,24.80325,32.988701,UTC
AP971,Airport 971,City 970,0.571808,-30.509971,UTC
AP972,Airport 972,City 971,101.757983,40.413794,UTC
AP973,Airport 973,City 972,117.938984,30.377748,UTC
AP974,Airport 974,City 973,111.171031,83.931707,UTC
AP975,Airport 975,City 974,-19.135192,89.591774,UTC
AP976,Airport 976,City 975,158.139053,-85.867072,UTC
AP977,Airport 977,City 976,-80.424639,28.459497,UTC
AP978,Airport 978,City 977,110.01787,-88.985839,UTC
AP979,Airport 979,City 978,7.46215,-48.269567,UTC
AP980,Airport 980,City 979,162.180453,-15.620977,UTC
AP981,Airport 981,City 980,-52.973352,7.950687,UTC
AP982,Airport 982,City 981,104.34127,-46.517966,UTC
AP983,Airport 983,City 982,-35.290731,-30.874858,UTC
AP984,Airport 984,City 983,-128.256399,-66.011717,UTC
AP985,Airport 985,City 984,-135.116344,-7.396605,UTC
AP986,Airport 986,City 985,-133.885836,62.67702,UTC
AP987,Airport 987,City 986,125.622193,-59.395366,UTC
AP988,Airport 988,City 987,124.924646,-42.835947,UTC
AP989,Airport 989,City 988,-6.155531,59.923217,UTC
AP990,Airport 990,City 989,-130.185139,-68.411923,UTC
AP991,Airport 991,City 990,-116.321264,-79.850645,UTC
AP992,Airport 992,City 991,163.009048,59.821532,UTC
AP993,Airport 993,City 992,-1.143888,-58.196702,UTC
AP994,Airport 994,City 993,80.373553,83.436929,UTC
AP995,Airport 995,City 994,-1.013226,-43.530207,UTC
AP996,Airport 996,City 995,95.451255,-31.54382,UTC
AP997,Airport 997,City 996,-35.060185,-29.00702,UTC
AP998,Airport 998,City 997,-171.480701,-62.251885,UTC
AP999,Airport 999,City 998,-37.926133,40.32178,UTC
AP1000,Airport 1000,City 999,13.496191,-78.821134,UTC
