book_ref,book_date,total_amount
BR0001,2024-09-17 19:03:43.708165,272.33
BR0002,2024-04-15 19:03:43.708183,549.19
BR0003,2023-12-29 19:03:43.708187,879.91
BR0004,2024-04-03 19:03:43.708189,339.47
BR0005,2024-02-08 19:03:43.708191,782.56
BR0006,2024-01-31 19:03:43.708194,184.14
BR0007,2024-02-11 19:03:43.708196,673.85
BR0008,2024-07-22 19:03:43.708198,981.98
BR0009,2024-08-22 19:03:43.708200,568.38
BR0010,2024-04-23 19:03:43.708202,863.96
BR0011,2024-01-25 19:03:43.708204,673.99
BR0012,2024-10-29 19:03:43.708206,644.04
BR0013,2024-07-02 19:03:43.708208,227.37
BR0014,2024-04-15 19:03:43.708210,349.52
BR0015,2024-02-01 19:03:43.708211,231.39
BR0016,2024-02-15 19:03:43.708214,607.92
BR0017,2024-03-05 19:03:43.708216,399.29
BR0018,2024-01-19 19:03:43.708218,153.78
BR0019,2023-12-20 19:03:43.708220,686.93
BR0020,2024-09-06 19:03:43.708222,247.13
BR0021,2023-11-14 19:03:43.708224,961.62
BR0022,2024-08-02 19:03:43.708226,691.79
BR0023,2024-08-23 19:03:43.708228,175.53
BR0024,2024-09-16 19:03:43.708229,394.15
BR0025,2024-09-22 19:03:43.708231,614.68
BR0026,2023-11-06 19:03:43.708233,256.09
BR0027,2023-12-29 19:03:43.708235,755.55
BR0028,2024-07-12 19:03:43.708237,348.67
BR0029,2024-10-25 19:03:43.708239,994.94
BR0030,2024-05-22 19:03:43.708241,528.53
BR0031,2023-11-16 19:03:43.708243,341.79
BR0032,2024-01-02 19:03:43.708245,249.26
BR0033,2024-01-29 19:03:43.708247,441.85
BR0034,2024-04-09 19:03:43.708249,153.29
BR0035,2024-08-19 19:03:43.708251,320.38
BR0036,2024-01-14 19:03:43.708253,899.13
BR0037,2024-03-19 19:03:43.708255,313.8
BR0038,2024-10-30 19:03:43.708257,640.36
BR0039,2024-07-17 19:03:43.708259,647.46
BR0040,2024-02-23 19:03:43.708261,194.47
BR0041,2024-04-17 19:03:43.708263,194.69
BR0042,2023-11-16 19:03:43.708265,100.2
BR0043,2024-09-11 19:03:43.708268,862.99
BR0044,2024-10-10 19:03:43.708269,507.29
BR0045,2023-12-11 19:03:43.708271,531.55
BR0046,2024-01-03 19:03:43.708273,821.73
BR0047,2023-12-03 19:03:43.708275,874.02
BR0048,2024-05-13 19:03:43.708277,857.16
BR0049,2024-09-05 19:03:43.708279,661.5
BR0050,2024-04-07 19:03:43.708281,126.51
BR0051,2024-05-01 19:03:43.708283,687.4
BR0052,2024-04-09 19:03:43.708285,782.33
BR0053,2024-02-23 19:03:43.708287,632.42
BR0054,2024-05-22 19:03:43.708289,635.59
BR0055,2024-07-24 19:03:43.708291,846.17
BR0056,2024-09-09 19:03:43.708292,105.09
BR0057,2024-09-09 19:03:43.708294,722.06
BR0058,2024-08-05 19:03:43.708296,882.42
BR0059,2024-01-19 19:03:43.708298,784.46
BR0060,2024-02-20 19:03:43.708300,339.21
BR0061,2024-10-12 19:03:43.708302,117.5
BR0062,2024-08-21 19:03:43.708304,653.57
BR0063,2024-03-10 19:03:43.708306,685.88
BR0064,2024-07-26 19:03:43.708308,191.22
BR0065,2023-11-21 19:03:43.708310,379.46
BR0066,2024-03-05 19:03:43.708312,781.95
BR0067,2024-06-27 19:03:43.708314,222.99
BR0068,2024-08-12 19:03:43.708316,833.95
BR0069,2024-04-18 19:03:43.708317,866.85
BR0070,2024-09-15 19:03:43.708319,855.23
BR0071,2024-05-11 19:03:43.708321,413.92
BR0072,2024-04-13 19:03:43.708323,554.75
BR0073,2024-04-14 19:03:43.708325,210.62
BR0074,2023-12-15 19:03:43.708327,248.15
BR0075,2024-08-21 19:03:43.708329,760.44
BR0076,2024-02-21 19:03:43.708331,295.96
BR0077,2024-03-22 19:03:43.708333,971.49
BR0078,2024-08-02 19:03:43.708335,105.44
BR0079,2024-07-20 19:03:43.708337,470.37
BR0080,2024-02-06 19:03:43.708339,158.6
BR0081,2024-10-21 19:03:43.708341,829.7
BR0082,2024-09-14 19:03:43.708343,155.88
BR0083,2024-03-16 19:03:43.708345,469.64
BR0084,2024-01-05 19:03:43.708347,437.98
BR0085,2024-03-21 19:03:43.708349,569.59
BR0086,2023-11-21 19:03:43.708351,358.58
BR0087,2023-11-14 19:03:43.708353,937.01
BR0088,2024-02-22 19:03:43.708354,717.13
BR0089,2023-12-16 19:03:43.708356,824.59
BR0090,2024-07-18 19:03:43.708358,614.26
BR0091,2024-07-09 19:03:43.708360,249.61
BR0092,2024-06-12 19:03:43.708362,773.06
BR0093,2024-01-26 19:03:43.708364,863.81
BR0094,2024-08-23 19:03:43.708366,971.71
BR0095,2024-06-03 19:03:43.708368,660.17
BR0096,2023-11-09 19:03:43.708370,371.2
BR0097,2024-01-10 19:03:43.708372,733.13
BR0098,2024-09-16 19:03:43.708374,841.03
BR0099,2024-03-12 19:03:43.708376,658.7
BR0100,2024-09-27 19:03:43.708378,849.3
BR0101,2024-06-10 19:03:43.708379,778.17
BR0102,2024-10-20 19:03:43.708381,117.37
BR0103,2024-01-06 19:03:43.708383,768.04
BR0104,2024-04-30 19:03:43.708385,812.62
BR0105,2024-07-24 19:03:43.708387,678.97
BR0106,2024-06-23 19:03:43.708389,328.1
BR0107,2023-12-28 19:03:43.708391,379.28
BR0108,2023-11-30 19:03:43.708393,830.46
BR0109,2024-02-21 19:03:43.708395,748.5
BR0110,2024-04-04 19:03:43.708397,679.81
BR0111,2024-03-27 19:03:43.708399,174.03
BR0112,2024-07-14 19:03:43.708401,463.99
BR0113,2024-04-21 19:03:43.708403,694.9
BR0114,2024-11-02 19:03:43.708405,201.55
BR0115,2024-02-29 19:03:43.708407,868.47
BR0116,2024-01-08 19:03:43.708409,887.71
BR0117,2023-12-09 19:03:43.708411,745.27
BR0118,2023-12-23 19:03:43.708413,195.47
BR0119,2024-01-19 19:03:43.708415,537.57
BR0120,2024-02-11 19:03:43.708417,737.24
BR0121,2024-01-03 19:03:43.708419,926.85
BR0122,2023-12-13 19:03:43.708421,321.97
BR0123,2024-06-04 19:03:43.708423,217.02
BR0124,2024-05-10 19:03:43.708424,126.55
BR0125,2023-11-20 19:03:43.708426,196.01
BR0126,2024-05-25 19:03:43.708428,321.78
BR0127,2024-02-06 19:03:43.708430,636.61
BR0128,2024-01-26 19:03:43.708432,444.1
BR0129,2024-09-04 19:03:43.708434,622.99
BR0130,2024-04-15 19:03:43.708436,313.84
BR0131,2024-07-08 19:03:43.708438,660.52
BR0132,2024-07-28 19:03:43.708440,911.98
BR0133,2024-08-23 19:03:43.708442,168.29
BR0134,2024-08-26 19:03:43.708444,589.7
BR0135,2024-03-16 19:03:43.708446,242.26
BR0136,2024-01-11 19:03:43.708448,782.96
BR0137,2024-07-07 19:03:43.708449,131.1
BR0138,2024-09-16 19:03:43.708451,655.45
BR0139,2024-02-29 19:03:43.708453,830.86
BR0140,2024-08-27 19:03:43.708455,769.35
BR0141,2024-05-25 19:03:43.708457,303.54
BR0142,2024-03-17 19:03:43.708459,137.59
BR0143,2024-01-23 19:03:43.708461,703.09
BR0144,2024-10-11 19:03:43.708463,857.8
BR0145,2023-12-14 19:03:43.708465,834.33
BR0146,2024-03-21 19:03:43.708467,231.8
BR0147,2024-03-16 19:03:43.708469,857.45
BR0148,2023-12-06 19:03:43.708471,693.8
BR0149,2024-05-29 19:03:43.708473,811.97
BR0150,2024-07-13 19:03:43.708475,186.01
BR0151,2023-11-09 19:03:43.708477,999.02
BR0152,2024-06-25 19:03:43.708479,448.23
BR0153,2024-09-06 19:03:43.708481,347.39
BR0154,2024-01-17 19:03:43.708482,832.44
BR0155,2023-12-14 19:03:43.708484,644.83
BR0156,2024-01-01 19:03:43.708486,805.77
BR0157,2024-03-29 19:03:43.708488,570.19
BR0158,2024-03-17 19:03:43.708490,294.87
BR0159,2024-10-04 19:03:43.708492,705.04
BR0160,2024-07-01 19:03:43.708494,202.08
BR0161,2024-08-14 19:03:43.708496,634.7
BR0162,2024-06-14 19:03:43.708498,189.61
BR0163,2024-07-22 19:03:43.708500,918.88
BR0164,2024-02-29 19:03:43.708501,147.01
BR0165,2024-02-29 19:03:43.708503,645.06
BR0166,2024-04-24 19:03:43.708505,191.76
BR0167,2024-08-01 19:03:43.708507,620.21
BR0168,2023-11-18 19:03:43.708509,322.3
BR0169,2024-05-11 19:03:43.708511,482.09
BR0170,2024-06-17 19:03:43.708513,300.71
BR0171,2024-06-25 19:03:43.708515,216.7
BR0172,2024-10-14 19:03:43.708517,548.42
BR0173,2024-08-30 19:03:43.708519,651.24
BR0174,2024-06-24 19:03:43.708521,737.33
BR0175,2024-07-12 19:03:43.708523,640.32
BR0176,2024-07-24 19:03:43.708525,176.9
BR0177,2024-03-02 19:03:43.708544,252.23
BR0178,2024-07-26 19:03:43.708549,428.57
BR0179,2024-07-30 19:03:43.708552,273.98
BR0180,2024-06-06 19:03:43.708556,531.14
BR0181,2024-01-05 19:03:43.708559,391.85
BR0182,2024-01-24 19:03:43.708563,643.92
BR0183,2024-10-03 19:03:43.708565,820.9
BR0184,2024-09-30 19:03:43.708567,100.67
BR0185,2024-05-05 19:03:43.708569,315.47
BR0186,2024-10-25 19:03:43.708570,473.29
BR0187,2024-04-26 19:03:43.708572,886.86
BR0188,2023-12-30 19:03:43.708574,685.6
BR0189,2024-07-06 19:03:43.708576,675.05
BR0190,2024-06-18 19:03:43.708578,425.45
BR0191,2023-12-09 19:03:43.708580,240.98
BR0192,2024-04-11 19:03:43.708582,772.49
BR0193,2023-12-22 19:03:43.708584,408.73
BR0194,2024-05-22 19:03:43.708586,480.08
BR0195,2024-08-17 19:03:43.708588,981.68
BR0196,2024-07-14 19:03:43.708590,431.08
BR0197,2024-02-11 19:03:43.708592,719.6
BR0198,2024-04-30 19:03:43.708594,553.09
BR0199,2024-01-02 19:03:43.708596,743.63
BR0200,2024-03-05 19:03:43.708598,426.68
BR0201,2024-01-15 19:03:43.708600,614.87
BR0202,2024-06-01 19:03:43.708602,254.91
BR0203,2024-09-04 19:03:43.708604,515.68
BR0204,2024-07-11 19:03:43.708606,985.41
BR0205,2024-02-15 19:03:43.708608,610.45
BR0206,2024-02-24 19:03:43.708610,620.36
BR0207,2024-07-28 19:03:43.708612,217.82
BR0208,2024-02-05 19:03:43.708614,880.4
BR0209,2023-12-26 19:03:43.708616,287.0
BR0210,2024-01-23 19:03:43.708618,660.31
BR0211,2023-12-28 19:03:43.708621,918.19
BR0212,2024-01-01 19:03:43.708623,916.18
BR0213,2024-03-15 19:03:43.708625,829.02
BR0214,2024-04-23 19:03:43.708627,473.03
BR0215,2024-08-02 19:03:43.708628,141.83
BR0216,2024-07-15 19:03:43.708630,782.91
BR0217,2024-02-13 19:03:43.708632,163.59
BR0218,2023-12-14 19:03:43.708634,846.22
BR0219,2024-08-28 19:03:43.708636,891.91
BR0220,2024-02-17 19:03:43.708638,573.03
BR0221,2024-09-05 19:03:43.708640,648.01
BR0222,2023-11-11 19:03:43.708642,224.49
BR0223,2023-12-10 19:03:43.708644,961.69
BR0224,2024-08-29 19:03:43.708646,707.71
BR0225,2024-06-24 19:03:43.708648,100.1
BR0226,2024-01-01 19:03:43.708650,646.92
BR0227,2024-04-18 19:03:43.708652,998.01
BR0228,2024-02-05 19:03:43.708654,930.67
BR0229,2024-05-27 19:03:43.708656,402.1
BR0230,2024-05-31 19:03:43.708658,254.33
BR0231,2024-01-07 19:03:43.708660,935.2
BR0232,2023-12-24 19:03:43.708662,755.22
BR0233,2024-03-14 19:03:43.708669,382.78
BR0234,2023-12-02 19:03:43.708672,366.0
BR0235,2024-10-18 19:03:43.708674,287.59
BR0236,2024-07-22 19:03:43.708676,925.34
BR0237,2024-05-19 19:03:43.708677,441.6
BR0238,2023-11-04 19:03:43.708679,728.18
BR0239,2024-04-06 19:03:43.708681,364.25
BR0240,2024-04-08 19:03:43.708683,260.27
BR0241,2024-02-09 19:03:43.708685,795.1
BR0242,2024-03-30 19:03:43.708687,112.09
BR0243,2024-09-24 19:03:43.708689,530.89
BR0244,2024-06-17 19:03:43.708691,309.6
BR0245,2023-11-25 19:03:43.708693,759.96
BR0246,2023-12-25 19:03:43.708695,599.92
BR0247,2023-12-29 19:03:43.708697,617.67
BR0248,2024-09-27 19:03:43.708699,393.33
BR0249,2024-10-06 19:03:43.708701,835.68
BR0250,2024-05-12 19:03:43.708703,828.88
BR0251,2024-02-19 19:03:43.708705,529.28
BR0252,2024-01-05 19:03:43.708707,471.85
BR0253,2024-07-22 19:03:43.708709,559.86
BR0254,2023-11-13 19:03:43.708711,282.46
BR0255,2024-10-10 19:03:43.708713,260.48
BR0256,2024-02-28 19:03:43.708715,192.57
BR0257,2024-03-24 19:03:43.708717,843.76
BR0258,2024-07-13 19:03:43.708719,133.74
BR0259,2024-06-28 19:03:43.708721,844.57
BR0260,2024-08-05 19:03:43.708723,540.48
BR0261,2024-05-27 19:03:43.708725,616.14
BR0262,2024-05-23 19:03:43.708727,534.72
BR0263,2023-12-20 19:03:43.708729,321.39
BR0264,2023-12-16 19:03:43.708731,881.01
BR0265,2024-05-13 19:03:43.708733,323.47
BR0266,2023-12-21 19:03:43.708735,611.26
BR0267,2023-12-12 19:03:43.708737,540.99
BR0268,2023-11-12 19:03:43.708739,503.54
BR0269,2024-01-07 19:03:43.708741,296.37
BR0270,2024-08-04 19:03:43.708743,390.45
BR0271,2024-04-11 19:03:43.708745,106.37
BR0272,2024-05-05 19:03:43.708747,210.5
BR0273,2024-06-09 19:03:43.708749,627.94
BR0274,2024-07-14 19:03:43.708751,768.91
BR0275,2024-04-07 19:03:43.708753,597.42
BR0276,2024-03-07 19:03:43.708755,769.55
BR0277,2024-02-15 19:03:43.708757,407.17
BR0278,2024-02-12 19:03:43.708759,612.57
BR0279,2023-12-23 19:03:43.708761,137.29
BR0280,2024-04-22 19:03:43.708763,402.69
BR0281,2023-12-30 19:03:43.708765,607.31
BR0282,2023-11-26 19:03:43.708767,717.45
BR0283,2023-12-26 19:03:43.708769,122.53
BR0284,2024-03-08 19:03:43.708771,722.77
BR0285,2024-08-14 19:03:43.708773,477.45
BR0286,2023-12-22 19:03:43.708775,941.09
BR0287,2024-01-21 19:03:43.708777,717.06
BR0288,2024-07-23 19:03:43.708779,624.35
BR0289,2024-07-11 19:03:43.708781,942.77
BR0290,2023-12-18 19:03:43.708783,553.48
BR0291,2023-11-15 19:03:43.708784,409.97
BR0292,2024-08-04 19:03:43.708786,345.57
BR0293,2024-04-25 19:03:43.708788,283.36
BR0294,2023-11-27 19:03:43.708790,471.06
BR0295,2024-02-12 19:03:43.708793,331.73
BR0296,2024-08-23 19:03:43.708795,571.04
BR0297,2024-01-27 19:03:43.708797,691.89
BR0298,2024-06-27 19:03:43.708799,505.1
BR0299,2024-10-16 19:03:43.708801,379.18
BR0300,2024-06-26 19:03:43.708803,111.43
BR0301,2024-06-23 19:03:43.708805,542.65
BR0302,2024-10-23 19:03:43.708807,567.81
BR0303,2024-09-03 19:03:43.708809,479.26
BR0304,2024-03-20 19:03:43.708810,958.51
BR0305,2024-04-17 19:03:43.708812,508.59
BR0306,2024-07-03 19:03:43.708815,852.75
BR0307,2023-11-10 19:03:43.708817,304.44
BR0308,2024-10-13 19:03:43.708819,453.48
BR0309,2024-09-11 19:03:43.708820,147.04
BR0310,2024-07-11 19:03:43.708823,470.94
BR0311,2024-10-30 19:03:43.708825,463.29
BR0312,2024-03-19 19:03:43.708827,537.39
BR0313,2023-12-09 19:03:43.708829,910.15
BR0314,2024-09-01 19:03:43.708831,750.27
BR0315,2024-02-09 19:03:43.708833,423.16
BR0316,2024-10-11 19:03:43.708835,640.33
BR0317,2023-11-04 19:03:43.708837,777.83
BR0318,2023-11-27 19:03:43.708839,388.64
BR0319,2024-01-30 19:03:43.708841,448.43
BR0320,2024-02-03 19:03:43.708843,637.62
BR0321,2024-07-17 19:03:43.708845,959.7
BR0322,2024-03-21 19:03:43.708847,636.44
BR0323,2024-06-07 19:03:43.708849,498.12
BR0324,2024-03-18 19:03:43.708851,153.04
BR0325,2024-09-03 19:03:43.708853,273.82
BR0326,2024-02-29 19:03:43.708855,997.69
BR0327,2024-07-04 19:03:43.708857,813.57
BR0328,2024-10-06 19:03:43.708859,544.33
BR0329,2024-04-07 19:03:43.708861,672.09
BR0330,2024-03-13 19:03:43.708863,212.64
BR0331,2024-06-21 19:03:43.708865,713.86
BR0332,2024-01-02 19:03:43.708866,612.01
BR0333,2024-05-14 19:03:43.708869,596.27
BR0334,2024-08-01 19:03:43.708871,722.65
BR0335,2023-11-06 19:03:43.708873,221.75
BR0336,2024-10-20 19:03:43.708875,695.68
BR0337,2024-06-25 19:03:43.708877,634.6
BR0338,2024-03-29 19:03:43.708878,460.43
BR0339,2024-03-06 19:03:43.708880,143.06
BR0340,2023-12-23 19:03:43.708882,566.76
BR0341,2024-03-29 19:03:43.708884,438.52
BR0342,2024-03-08 19:03:43.708886,268.22
BR0343,2024-06-14 19:03:43.708888,326.82
BR0344,2024-01-22 19:03:43.708890,617.65
BR0345,2024-10-22 19:03:43.708892,439.09
BR0346,2024-07-01 19:03:43.708894,136.54
BR0347,2024-02-05 19:03:43.708896,960.04
BR0348,2024-08-17 19:03:43.708898,115.58
BR0349,2024-02-06 19:03:43.708900,459.21
BR0350,2024-02-25 19:03:43.708902,888.93
BR0351,2024-06-26 19:03:43.708904,409.66
BR0352,2024-02-24 19:03:43.708906,871.09
BR0353,2024-02-17 19:03:43.708908,255.86
BR0354,2024-09-19 19:03:43.708910,561.16
BR0355,2024-05-27 19:03:43.708912,120.09
BR0356,2024-06-07 19:03:43.708915,686.83
BR0357,2024-10-29 19:03:43.708918,202.81
BR0358,2024-10-27 19:03:43.708920,967.95
BR0359,2024-08-12 19:03:43.708922,959.26
BR0360,2023-12-02 19:03:43.708924,109.32
BR0361,2024-03-29 19:03:43.708926,779.42
BR0362,2024-05-28 19:03:43.708928,122.22
BR0363,2024-03-19 19:03:43.708930,812.98
BR0364,2024-08-17 19:03:43.708932,716.08
BR0365,2024-10-05 19:03:43.708934,690.84
BR0366,2024-05-02 19:03:43.708936,247.94
BR0367,2024-08-01 19:03:43.708938,852.07
BR0368,2024-06-17 19:03:43.708939,408.32
BR0369,2023-12-01 19:03:43.708941,152.15
BR0370,2024-06-09 19:03:43.708943,553.24
BR0371,2024-10-22 19:03:43.708945,101.64
BR0372,2024-04-04 19:03:43.708947,359.63
BR0373,2024-07-01 19:03:43.708949,901.32
BR0374,2024-08-21 19:03:43.708951,945.58
BR0375,2024-07-11 19:03:43.708953,408.08
BR0376,2024-07-16 19:03:43.708955,851.16
BR0377,2024-10-08 19:03:43.708957,656.28
BR0378,2024-06-29 19:03:43.708959,993.76
BR0379,2024-03-02 19:03:43.708961,147.93
BR0380,2024-10-06 19:03:43.708963,169.93
BR0381,2024-05-11 19:03:43.708965,612.93
BR0382,2024-03-29 19:03:43.708967,548.58
BR0383,2024-07-21 19:03:43.708969,399.36
BR0384,2024-01-31 19:03:43.708971,480.94
BR0385,2024-01-26 19:03:43.708973,144.61
BR0386,2024-09-09 19:03:43.708975,244.08
BR0387,2024-02-18 19:03:43.708976,295.29
BR0388,2024-05-20 19:03:43.708979,204.87
BR0389,2024-05-21 19:03:43.708980,777.29
BR0390,2023-11-18 19:03:43.708982,465.37
BR0391,2024-04-30 19:03:43.708985,166.48
BR0392,2024-08-13 19:03:43.708987,888.39
BR0393,2024-08-21 19:03:43.708988,606.63
BR0394,2024-05-31 19:03:43.708990,668.99
BR0395,2024-02-28 19:03:43.708992,473.24
BR0396,2024-06-29 19:03:43.708994,179.51
BR0397,2024-08-26 19:03:43.708996,554.67
BR0398,2024-10-09 19:03:43.708998,563.44
BR0399,2023-12-15 19:03:43.709000,638.46
BR0400,2023-12-13 19:03:43.709002,431.21
BR0401,2024-05-26 19:03:43.709004,546.63
BR0402,2024-05-14 19:03:43.709006,468.69
BR0403,2024-10-21 19:03:43.709008,539.97
BR0404,2023-12-03 19:03:43.709010,195.29
BR0405,2024-02-11 19:03:43.709012,351.22
BR0406,2024-04-05 19:03:43.709014,218.75
BR0407,2023-11-26 19:03:43.709016,841.71
BR0408,2024-04-26 19:03:43.709018,105.26
BR0409,2023-11-11 19:03:43.709020,238.87
BR0410,2024-02-15 19:03:43.709022,652.27
BR0411,2024-10-08 19:03:43.709024,406.38
BR0412,2024-05-30 19:03:43.709026,654.31
BR0413,2024-08-19 19:03:43.709028,163.19
BR0414,2024-09-05 19:03:43.709030,479.69
BR0415,2024-02-09 19:03:43.709032,161.33
BR0416,2023-12-28 19:03:43.709034,145.93
BR0417,2024-02-02 19:03:43.709036,752.59
BR0418,2024-05-03 19:03:43.709038,787.51
BR0419,2024-04-08 19:03:43.709040,522.9
BR0420,2023-11-17 19:03:43.709042,726.78
BR0421,2024-02-06 19:03:43.709044,872.07
BR0422,2024-08-17 19:03:43.709046,983.16
BR0423,2024-07-27 19:03:43.709048,597.34
BR0424,2024-04-21 19:03:43.709050,360.12
BR0425,2024-03-22 19:03:43.709052,446.58
BR0426,2024-07-26 19:03:43.709054,784.44
BR0427,2024-03-01 19:03:43.709056,224.7
BR0428,2024-02-14 19:03:43.709058,341.64
BR0429,2024-05-29 19:03:43.709060,550.73
BR0430,2024-02-18 19:03:43.709062,879.45
BR0431,2024-06-22 19:03:43.709064,811.8
BR0432,2023-12-21 19:03:43.709066,129.4
BR0433,2024-03-29 19:03:43.709068,652.6
BR0434,2024-03-21 19:03:43.709069,177.89
BR0435,2023-12-13 19:03:43.709072,360.69
BR0436,2024-05-14 19:03:43.709074,962.19
BR0437,2024-01-09 19:03:43.709076,528.95
BR0438,2024-07-16 19:03:43.709078,597.07
BR0439,2024-06-29 19:03:43.709080,906.12
BR0440,2024-05-27 19:03:43.709081,542.05
BR0441,2023-12-16 19:03:43.709085,658.53
BR0442,2024-02-25 19:03:43.709087,129.52
BR0443,2024-06-22 19:03:43.709089,601.27
BR0444,2024-08-17 19:03:43.709091,588.91
BR0445,2024-06-15 19:03:43.709093,424.98
BR0446,2024-07-14 19:03:43.709094,877.82
BR0447,2023-12-21 19:03:43.709096,505.17
BR0448,2023-12-26 19:03:43.709098,196.52
BR0449,2024-08-22 19:03:43.709100,235.22
BR0450,2024-02-10 19:03:43.709102,356.76
BR0451,2024-08-25 19:03:43.709104,875.09
BR0452,2024-10-22 19:03:43.709106,726.39
BR0453,2024-07-17 19:03:43.709108,126.1
BR0454,2024-09-11 19:03:43.709110,658.4
BR0455,2024-06-25 19:03:43.709112,455.23
BR0456,2024-04-05 19:03:43.709114,961.2
BR0457,2024-06-26 19:03:43.709116,210.25
BR0458,2024-02-26 19:03:43.709118,639.47
BR0459,2024-10-14 19:03:43.709120,234.73
BR0460,2024-07-08 19:03:43.709122,372.94
BR0461,2024-03-08 19:03:43.709124,116.11
BR0462,2024-09-04 19:03:43.709126,508.51
BR0463,2024-01-17 19:03:43.709128,306.68
BR0464,2024-05-18 19:03:43.709130,194.47
BR0465,2024-06-24 19:03:43.709132,208.69
BR0466,2023-12-17 19:03:43.709134,212.29
BR0467,2024-01-25 19:03:43.709136,387.59
BR0468,2024-08-15 19:03:43.709138,141.16
BR0469,2024-04-06 19:03:43.709139,667.17
BR0470,2024-05-14 19:03:43.709141,389.53
BR0471,2024-06-14 19:03:43.709143,459.47
BR0472,2024-10-02 19:03:43.709145,647.88
BR0473,2024-08-24 19:03:43.709147,615.79
BR0474,2024-03-03 19:03:43.709149,967.91
BR0475,2023-12-28 19:03:43.709151,246.29
BR0476,2024-07-02 19:03:43.709153,774.82
BR0477,2024-02-03 19:03:43.709155,878.99
BR0478,2024-07-13 19:03:43.709157,884.39
BR0479,2023-11-08 19:03:43.709159,941.0
BR0480,2024-09-06 19:03:43.709161,979.27
BR0481,2024-05-30 19:03:43.709163,387.96
BR0482,2024-08-18 19:03:43.709165,101.48
BR0483,2024-05-17 19:03:43.709167,641.37
BR0484,2023-11-10 19:03:43.709169,149.71
BR0485,2024-04-09 19:03:43.709170,474.37
BR0486,2024-02-25 19:03:43.709172,489.53
BR0487,2024-08-12 19:03:43.709174,827.46
BR0488,2024-07-02 19:03:43.709176,841.14
BR0489,2024-04-17 19:03:43.709178,308.33
BR0490,2024-06-16 19:03:43.709180,375.78
BR0491,2024-01-05 19:03:43.709182,425.87
BR0492,2024-03-30 19:03:43.709184,737.17
BR0493,2024-08-22 19:03:43.709186,861.3
BR0494,2024-01-19 19:03:43.709188,883.76
BR0495,2024-11-02 19:03:43.709190,704.93
BR0496,2024-06-09 19:03:43.709192,780.43
BR0497,2023-11-29 19:03:43.709194,493.8
BR0498,2024-02-09 19:03:43.709196,297.35
BR0499,2024-07-29 19:03:43.709198,520.48
BR0500,2023-11-12 19:03:43.709200,883.54
BR0501,2024-05-23 19:03:43.709202,888.21
BR0502,2024-05-18 19:03:43.709204,379.39
BR0503,2024-01-26 19:03:43.709206,241.2
BR0504,2024-05-17 19:03:43.709208,848.32
BR0505,2024-09-28 19:03:43.709210,753.35
BR0506,2024-10-11 19:03:43.709212,714.71
BR0507,2023-11-29 19:03:43.709214,812.76
BR0508,2023-12-06 19:03:43.709216,964.14
BR0509,2023-11-17 19:03:43.709218,961.81
BR0510,2023-12-18 19:03:43.709220,292.5
BR0511,2024-03-24 19:03:43.709222,679.2
BR0512,2024-08-18 19:03:43.709224,925.5
BR0513,2024-04-05 19:03:43.709226,801.88
BR0514,2024-04-19 19:03:43.709228,371.31
BR0515,2024-07-17 19:03:43.709230,590.23
BR0516,2023-12-24 19:03:43.709232,519.42
BR0517,2023-11-08 19:03:43.709234,753.75
BR0518,2024-03-18 19:03:43.709236,222.24
BR0519,2023-11-11 19:03:43.709238,911.27
BR0520,2024-03-28 19:03:43.709240,659.03
BR0521,2023-11-18 19:03:43.709242,635.94
BR0522,2024-02-25 19:03:43.709244,787.44
BR0523,2024-06-19 19:03:43.709246,472.34
BR0524,2024-06-13 19:03:43.709248,633.09
BR0525,2023-12-29 19:03:43.709250,632.35
BR0526,2024-07-22 19:03:43.709252,347.77
BR0527,2024-11-02 19:03:43.709253,322.19
BR0528,2024-08-30 19:03:43.709255,393.18
BR0529,2024-10-31 19:03:43.709257,426.8
BR0530,2024-01-05 19:03:43.709259,866.79
BR0531,2024-09-03 19:03:43.709261,358.74
BR0532,2024-10-13 19:03:43.709263,614.54
BR0533,2024-05-05 19:03:43.709265,631.41
BR0534,2024-05-18 19:03:43.709267,640.63
BR0535,2024-10-24 19:03:43.709269,247.75
BR0536,2024-08-04 19:03:43.709271,406.0
BR0537,2024-03-31 19:03:43.709273,777.76
BR0538,2024-10-25 19:03:43.709275,424.55
BR0539,2024-07-09 19:03:43.709277,789.07
BR0540,2023-12-06 19:03:43.709279,602.27
BR0541,2024-10-25 19:03:43.709281,988.55
BR0542,2023-11-04 19:03:43.709283,332.61
BR0543,2024-07-26 19:03:43.709285,111.72
BR0544,2024-07-26 19:03:43.709287,345.84
BR0545,2024-02-20 19:03:43.709289,926.5
BR0546,2024-01-18 19:03:43.709291,213.62
BR0547,2024-08-05 19:03:43.709293,567.93
BR0548,2024-08-28 19:03:43.709295,619.55
BR0549,2024-02-20 19:03:43.709297,755.17
BR0550,2024-07-05 19:03:43.709299,661.62
BR0551,2024-05-13 19:03:43.709301,931.59
BR0552,2024-10-09 19:03:43.709303,815.79
BR0553,2024-07-05 19:03:43.709305,891.19
BR0554,2024-05-22 19:03:43.709307,751.36
BR0555,2024-05-03 19:03:43.709309,491.8
BR0556,2024-10-04 19:03:43.709311,375.54
BR0557,2023-11-17 19:03:43.709312,830.63
BR0558,2024-02-11 19:03:43.709314,238.22
BR0559,2024-04-01 19:03:43.709317,497.26
BR0560,2024-10-23 19:03:43.709318,972.29
BR0561,2024-03-18 19:03:43.709320,715.95
BR0562,2024-05-08 19:03:43.709322,600.5
BR0563,2024-08-21 19:03:43.709324,612.97
BR0564,2024-03-27 19:03:43.709326,998.16
BR0565,2024-08-03 19:03:43.709328,132.23
BR0566,2024-06-20 19:03:43.709330,516.36
BR0567,2024-01-30 19:03:43.709332,401.77
BR0568,2024-07-24 19:03:43.709334,244.01
BR0569,2024-04-20 19:03:43.709336,256.49
BR0570,2023-11-12 19:03:43.709338,979.19
BR0571,2024-05-17 19:03:43.709340,599.89
BR0572,2024-08-11 19:03:43.709342,691.95
BR0573,2024-05-07 19:03:43.709344,601.99
BR0574,2024-02-22 19:03:43.709346,958.63
BR0575,2024-08-22 19:03:43.709347,332.36
BR0576,2024-04-26 19:03:43.709349,981.27
BR0577,2024-10-19 19:03:43.709351,347.78
BR0578,2024-03-26 19:03:43.709353,775.99
BR0579,2024-02-17 19:03:43.709355,509.63
BR0580,2024-07-29 19:03:43.709357,685.72
BR0581,2024-06-03 19:03:43.709359,152.97
BR0582,2024-05-21 19:03:43.709361,193.93
BR0583,2024-07-19 19:03:43.709363,486.95
BR0584,2024-07-24 19:03:43.709365,466.64
BR0585,2024-03-09 19:03:43.709367,607.18
BR0586,2024-02-27 19:03:43.709369,917.31
BR0587,2024-08-10 19:03:43.709371,721.09
BR0588,2024-06-03 19:03:43.709373,730.26
BR0589,2024-09-26 19:03:43.709374,191.56
BR0590,2023-12-24 19:03:43.709376,824.75
BR0591,2024-05-07 19:03:43.709378,651.22
BR0592,2023-11-12 19:03:43.709380,522.96
BR0593,2024-10-18 19:03:43.709382,984.04
BR0594,2024-10-08 19:03:43.709384,467.97
BR0595,2024-01-22 19:03:43.709386,664.48
BR0596,2024-05-29 19:03:43.709388,485.81
BR0597,2024-01-13 19:03:43.709390,143.55
BR0598,2024-05-15 19:03:43.709392,694.57
BR0599,2024-10-26 19:03:43.709394,643.06
BR0600,2024-09-05 19:03:43.709396,938.25
BR0601,2024-01-13 19:03:43.709398,700.73
BR0602,2024-01-25 19:03:43.709400,361.42
BR0603,2024-02-13 19:03:43.709402,189.56
BR0604,2024-04-05 19:03:43.709404,118.58
BR0605,2024-07-14 19:03:43.709406,744.32
BR0606,2024-01-26 19:03:43.709408,395.06
BR0607,2023-12-19 19:03:43.709411,594.62
BR0608,2024-10-21 19:03:43.709413,117.24
BR0609,2024-10-09 19:03:43.709415,849.86
BR0610,2024-09-19 19:03:43.709416,541.29
BR0611,2023-12-25 19:03:43.709418,850.94
BR0612,2024-07-14 19:03:43.709421,177.02
BR0613,2023-12-19 19:03:43.709422,620.53
BR0614,2024-08-06 19:03:43.709424,395.51
BR0615,2024-08-10 19:03:43.709426,902.46
BR0616,2024-10-27 19:03:43.709428,406.82
BR0617,2024-10-11 19:03:43.709430,696.99
BR0618,2024-09-19 19:03:43.709432,297.62
BR0619,2024-10-10 19:03:43.709434,718.28
BR0620,2024-01-25 19:03:43.709436,195.48
BR0621,2024-06-30 19:03:43.709438,353.89
BR0622,2024-10-05 19:03:43.709440,223.83
BR0623,2024-10-31 19:03:43.709442,384.61
BR0624,2023-12-18 19:03:43.709444,504.37
BR0625,2024-09-24 19:03:43.709446,861.96
BR0626,2024-08-04 19:03:43.709448,474.47
BR0627,2024-03-19 19:03:43.709450,662.46
BR0628,2024-06-26 19:03:43.709452,471.06
BR0629,2023-11-05 19:03:43.709454,556.64
BR0630,2024-08-06 19:03:43.709456,492.73
BR0631,2023-12-27 19:03:43.709458,403.62
BR0632,2024-03-06 19:03:43.709460,402.64
BR0633,2024-08-19 19:03:43.709462,564.62
BR0634,2024-02-19 19:03:43.709464,582.02
BR0635,2024-05-09 19:03:43.709466,412.61
BR0636,2024-03-12 19:03:43.709468,604.27
BR0637,2023-12-17 19:03:43.709470,322.29
BR0638,2024-01-24 19:03:43.709472,875.34
BR0639,2024-06-11 19:03:43.709474,914.69
BR0640,2023-12-11 19:03:43.709476,151.15
BR0641,2024-06-03 19:03:43.709478,212.83
BR0642,2023-11-25 19:03:43.709480,505.69
BR0643,2024-02-01 19:03:43.709482,942.64
BR0644,2024-04-12 19:03:43.709484,746.48
BR0645,2024-03-17 19:03:43.709486,339.29
BR0646,2024-05-13 19:03:43.709488,630.74
BR0647,2023-12-14 19:03:43.709489,981.07
BR0648,2024-01-29 19:03:43.709491,483.07
BR0649,2024-06-11 19:03:43.709493,462.04
BR0650,2023-11-30 19:03:43.709495,997.48
BR0651,2024-02-14 19:03:43.709497,770.44
BR0652,2024-07-25 19:03:43.709499,451.61
BR0653,2023-11-07 19:03:43.709501,110.93
BR0654,2024-09-03 19:03:43.709503,394.38
BR0655,2024-10-25 19:03:43.709505,702.43
BR0656,2024-06-12 19:03:43.709507,562.0
BR0657,2023-12-13 19:03:43.709509,460.84
BR0658,2024-08-06 19:03:43.709511,306.11
BR0659,2024-03-08 19:03:43.709513,288.48
BR0660,2024-05-19 19:03:43.709515,473.0
BR0661,2024-08-28 19:03:43.709517,549.1
BR0662,2024-01-04 19:03:43.709519,630.72
BR0663,2024-03-31 19:03:43.709521,597.47
BR0664,2023-12-17 19:03:43.709523,591.8
BR0665,2024-05-10 19:03:43.709525,457.51
BR0666,2024-07-18 19:03:43.709543,421.55
BR0667,2024-10-25 19:03:43.709548,442.64
BR0668,2023-11-27 19:03:43.709552,181.21
BR0669,2024-03-03 19:03:43.709555,908.05
BR0670,2024-09-09 19:03:43.709558,224.04
BR0671,2024-09-30 19:03:43.709562,492.79
BR0672,2024-03-16 19:03:43.709565,133.68
BR0673,2024-04-18 19:03:43.709567,896.45
BR0674,2024-03-08 19:03:43.709569,219.16
BR0675,2024-08-04 19:03:43.709571,530.51
BR0676,2024-07-21 19:03:43.709573,434.55
BR0677,2024-01-28 19:03:43.709575,229.97
BR0678,2024-03-28 19:03:43.709577,552.41
BR0679,2024-07-26 19:03:43.709579,845.39
BR0680,2024-09-27 19:03:43.709581,922.81
BR0681,2024-10-02 19:03:43.709583,818.48
BR0682,2024-04-02 19:03:43.709585,686.31
BR0683,2024-01-23 19:03:43.709587,924.49
BR0684,2024-08-31 19:03:43.709589,289.5
BR0685,2024-03-29 19:03:43.709591,236.41
BR0686,2023-11-23 19:03:43.709593,949.55
BR0687,2023-12-27 19:03:43.709595,455.04
BR0688,2023-12-15 19:03:43.709597,280.88
BR0689,2024-01-07 19:03:43.709599,735.85
BR0690,2024-03-06 19:03:43.709601,990.15
BR0691,2024-10-30 19:03:43.709603,852.97
BR0692,2024-02-08 19:03:43.709605,569.21
BR0693,2023-11-26 19:03:43.709607,474.26
BR0694,2023-12-15 19:03:43.709609,818.42
BR0695,2024-10-05 19:03:43.709611,980.46
BR0696,2024-03-11 19:03:43.709613,954.12
BR0697,2023-11-09 19:03:43.709615,587.27
BR0698,2024-04-27 19:03:43.709617,542.78
BR0699,2024-06-01 19:03:43.709619,621.17
BR0700,2023-12-03 19:03:43.709621,325.49
BR0701,2024-01-06 19:03:43.709623,305.7
BR0702,2024-07-24 19:03:43.709625,114.36
BR0703,2024-01-05 19:03:43.709627,893.27
BR0704,2024-09-03 19:03:43.709629,895.09
BR0705,2024-09-23 19:03:43.709631,633.51
BR0706,2024-06-27 19:03:43.709633,947.51
BR0707,2024-06-15 19:03:43.709635,976.81
BR0708,2024-03-24 19:03:43.709637,620.03
BR0709,2023-11-12 19:03:43.709639,736.42
BR0710,2024-06-01 19:03:43.709641,695.18
BR0711,2024-08-04 19:03:43.709643,437.95
BR0712,2024-04-11 19:03:43.709645,397.98
BR0713,2024-05-20 19:03:43.709647,423.56
BR0714,2024-03-28 19:03:43.709649,716.99
BR0715,2024-08-08 19:03:43.709651,480.36
BR0716,2023-12-18 19:03:43.709653,789.48
BR0717,2023-11-27 19:03:43.709655,594.95
BR0718,2024-03-31 19:03:43.709657,135.49
BR0719,2024-10-29 19:03:43.709659,190.64
BR0720,2024-07-25 19:03:43.709661,458.73
BR0721,2024-10-18 19:03:43.709670,806.82
BR0722,2024-07-13 19:03:43.709672,658.78
BR0723,2024-05-10 19:03:43.709674,661.92
BR0724,2023-12-06 19:03:43.709676,111.16
BR0725,2024-02-03 19:03:43.709678,211.33
BR0726,2024-07-28 19:03:43.709680,205.02
BR0727,2024-04-03 19:03:43.709682,612.13
BR0728,2024-02-17 19:03:43.709684,373.62
BR0729,2023-11-05 19:03:43.709686,733.45
BR0730,2024-03-05 19:03:43.709688,102.11
BR0731,2024-02-29 19:03:43.709690,202.94
BR0732,2023-12-16 19:03:43.709692,680.77
BR0733,2024-10-29 19:03:43.709694,826.02
BR0734,2024-05-17 19:03:43.709696,517.1
BR0735,2024-09-28 19:03:43.709698,975.52
BR0736,2024-04-25 19:03:43.709700,247.22
BR0737,2024-04-16 19:03:43.709702,615.66
BR0738,2024-08-23 19:03:43.709704,827.91
BR0739,2024-01-28 19:03:43.709706,232.38
BR0740,2024-04-25 19:03:43.709708,771.5
BR0741,2024-10-20 19:03:43.709710,920.98
BR0742,2023-11-07 19:03:43.709712,108.78
BR0743,2024-06-24 19:03:43.709714,894.94
BR0744,2024-05-09 19:03:43.709716,759.25
BR0745,2024-05-06 19:03:43.709718,543.57
BR0746,2023-11-27 19:03:43.709720,615.47
BR0747,2024-05-13 19:03:43.709722,213.17
BR0748,2024-01-19 19:03:43.709724,574.36
BR0749,2024-01-19 19:03:43.709726,765.92
BR0750,2023-12-05 19:03:43.709728,923.25
BR0751,2024-03-19 19:03:43.709730,691.95
BR0752,2024-07-09 19:03:43.709732,842.43
BR0753,2024-03-31 19:03:43.709734,286.09
BR0754,2024-02-12 19:03:43.709736,488.03
BR0755,2024-07-17 19:03:43.709738,945.46
BR0756,2024-01-21 19:03:43.709740,883.5
BR0757,2024-01-21 19:03:43.709742,629.18
BR0758,2024-07-10 19:03:43.709744,526.82
BR0759,2024-11-01 19:03:43.709746,846.08
BR0760,2023-11-12 19:03:43.709748,411.0
BR0761,2024-04-10 19:03:43.709750,360.28
BR0762,2023-12-03 19:03:43.709752,579.59
BR0763,2023-11-07 19:03:43.709754,816.02
BR0764,2024-08-28 19:03:43.709756,960.69
BR0765,2024-01-21 19:03:43.709758,983.98
BR0766,2024-05-23 19:03:43.709760,755.73
BR0767,2024-02-23 19:03:43.709762,748.92
BR0768,2023-11-29 19:03:43.709764,292.07
BR0769,2024-04-14 19:03:43.709766,280.44
BR0770,2024-09-12 19:03:43.709768,537.39
BR0771,2024-10-22 19:03:43.709770,206.94
BR0772,2024-06-02 19:03:43.709772,454.21
BR0773,2023-11-11 19:03:43.709774,655.67
BR0774,2024-01-12 19:03:43.709776,108.88
BR0775,2024-08-16 19:03:43.709778,137.53
BR0776,2023-12-27 19:03:43.709780,773.6
BR0777,2024-03-30 19:03:43.709782,951.41
BR0778,2024-06-12 19:03:43.709784,438.71
BR0779,2024-09-13 19:03:43.709786,732.86
BR0780,2024-05-06 19:03:43.709787,110.56
BR0781,2024-03-06 19:03:43.709789,130.29
BR0782,2024-09-17 19:03:43.709791,444.49
BR0783,2024-09-06 19:03:43.709793,846.57
BR0784,2024-07-02 19:03:43.709795,456.61
BR0785,2024-04-20 19:03:43.709797,306.3
BR0786,2024-05-09 19:03:43.709799,712.94
BR0787,2024-01-11 19:03:43.709801,436.86
BR0788,2023-12-27 19:03:43.709803,911.24
BR0789,2024-04-26 19:03:43.709805,718.86
BR0790,2024-08-17 19:03:43.709807,132.81
BR0791,2024-01-12 19:03:43.709809,914.56
BR0792,2024-05-15 19:03:43.709811,826.35
BR0793,2024-02-13 19:03:43.709813,480.22
BR0794,2024-06-09 19:03:43.709815,567.2
BR0795,2024-01-31 19:03:43.709817,806.34
BR0796,2024-10-17 19:03:43.709819,927.5
BR0797,2024-01-18 19:03:43.709821,328.5
BR0798,2024-04-24 19:03:43.709823,352.34
BR0799,2023-12-12 19:03:43.709825,549.63
BR0800,2024-04-06 19:03:43.709827,256.24
BR0801,2024-06-15 19:03:43.709829,352.1
BR0802,2024-07-18 19:03:43.709831,533.73
BR0803,2024-04-13 19:03:43.709833,952.13
BR0804,2024-05-14 19:03:43.709834,840.81
BR0805,2024-10-05 19:03:43.709836,366.7
BR0806,2024-07-04 19:03:43.709838,747.23
BR0807,2023-12-01 19:03:43.709840,256.5
BR0808,2024-05-28 19:03:43.709842,396.57
BR0809,2024-02-20 19:03:43.709844,733.25
BR0810,2024-10-23 19:03:43.709846,323.14
BR0811,2024-04-09 19:03:43.709848,469.51
BR0812,2024-09-25 19:03:43.709850,559.05
BR0813,2024-05-23 19:03:43.709852,376.81
BR0814,2024-05-25 19:03:43.709854,243.01
BR0815,2024-04-25 19:03:43.709856,720.49
BR0816,2024-03-29 19:03:43.709858,606.52
BR0817,2024-09-29 19:03:43.709860,158.04
BR0818,2024-08-20 19:03:43.709861,386.26
BR0819,2024-06-28 19:03:43.709863,141.89
BR0820,2024-05-03 19:03:43.709865,631.6
BR0821,2024-02-01 19:03:43.709867,888.75
BR0822,2023-11-18 19:03:43.709869,366.81
BR0823,2024-06-29 19:03:43.709871,941.95
BR0824,2024-04-10 19:03:43.709873,636.27
BR0825,2024-03-09 19:03:43.709875,681.27
BR0826,2024-02-23 19:03:43.709877,407.01
BR0827,2024-01-22 19:03:43.709879,909.53
BR0828,2024-01-04 19:03:43.709881,160.92
BR0829,2024-02-15 19:03:43.709883,793.55
BR0830,2023-12-28 19:03:43.709885,878.42
BR0831,2024-08-30 19:03:43.709887,623.88
BR0832,2024-02-29 19:03:43.709889,401.85
BR0833,2024-01-29 19:03:43.709891,200.06
BR0834,2024-03-24 19:03:43.709893,252.67
BR0835,2024-09-20 19:03:43.709895,553.94
BR0836,2024-01-07 19:03:43.709897,433.92
BR0837,2024-05-05 19:03:43.709899,969.26
BR0838,2024-01-19 19:03:43.709901,635.03
BR0839,2024-06-20 19:03:43.709903,851.2
BR0840,2024-10-02 19:03:43.709905,538.04
BR0841,2023-11-06 19:03:43.709907,133.37
BR0842,2024-03-20 19:03:43.709909,534.35
BR0843,2023-11-27 19:03:43.709911,361.36
BR0844,2023-12-27 19:03:43.709913,180.32
BR0845,2023-11-07 19:03:43.709917,188.96
BR0846,2024-08-29 19:03:43.709920,835.98
BR0847,2024-08-04 19:03:43.709923,273.36
BR0848,2024-06-17 19:03:43.709925,989.33
BR0849,2024-09-17 19:03:43.709927,649.78
BR0850,2024-07-17 19:03:43.709929,990.72
BR0851,2024-10-17 19:03:43.709931,980.3
BR0852,2024-08-05 19:03:43.709933,167.77
BR0853,2024-04-02 19:03:43.709935,611.1
BR0854,2024-02-20 19:03:43.709936,448.32
BR0855,2023-12-10 19:03:43.709938,711.19
BR0856,2024-01-25 19:03:43.709940,416.7
BR0857,2024-04-17 19:03:43.709942,595.09
BR0858,2024-05-25 19:03:43.709944,102.84
BR0859,2024-06-25 19:03:43.709946,124.69
BR0860,2024-10-05 19:03:43.709949,643.67
BR0861,2024-07-13 19:03:43.709950,592.64
BR0862,2024-09-04 19:03:43.709952,432.73
BR0863,2024-04-30 19:03:43.709954,302.05
BR0864,2023-12-20 19:03:43.709957,596.56
BR0865,2024-03-22 19:03:43.709959,154.56
BR0866,2024-03-31 19:03:43.709960,615.08
BR0867,2023-12-06 19:03:43.709962,847.57
BR0868,2024-03-03 19:03:43.709964,684.12
BR0869,2023-11-10 19:03:43.709966,797.17
BR0870,2024-03-24 19:03:43.709968,444.31
BR0871,2023-11-12 19:03:43.709970,118.57
BR0872,2024-08-17 19:03:43.709972,438.67
BR0873,2023-11-08 19:03:43.709975,975.93
BR0874,2023-12-05 19:03:43.709977,568.69
BR0875,2024-06-05 19:03:43.709979,992.99
BR0876,2024-08-24 19:03:43.709980,485.12
BR0877,2024-04-01 19:03:43.709982,870.22
BR0878,2024-02-23 19:03:43.709984,892.63
BR0879,2024-05-22 19:03:43.709986,854.28
BR0880,2024-03-12 19:03:43.709988,215.06
BR0881,2024-04-25 19:03:43.709990,458.88
BR0882,2023-12-15 19:03:43.709992,552.3
BR0883,2024-03-07 19:03:43.709994,394.42
BR0884,2024-08-02 19:03:43.709996,448.09
BR0885,2023-12-20 19:03:43.709998,330.92
BR0886,2024-09-15 19:03:43.710000,634.65
BR0887,2024-07-21 19:03:43.710002,591.12
BR0888,2024-09-01 19:03:43.710004,606.5
BR0889,2024-05-24 19:03:43.710006,345.5
BR0890,2024-06-12 19:03:43.710008,319.7
BR0891,2024-11-01 19:03:43.710010,992.41
BR0892,2024-01-01 19:03:43.710011,722.38
BR0893,2023-11-12 19:03:43.710014,783.03
BR0894,2024-02-25 19:03:43.710016,358.07
BR0895,2023-11-04 19:03:43.710018,917.91
BR0896,2024-08-12 19:03:43.710019,832.83
BR0897,2024-02-24 19:03:43.710022,373.37
BR0898,2024-03-21 19:03:43.710024,320.97
BR0899,2024-07-18 19:03:43.710026,829.06
BR0900,2024-10-02 19:03:43.710028,561.61
BR0901,2024-02-16 19:03:43.710030,922.08
BR0902,2024-03-18 19:03:43.710032,941.1
BR0903,2024-02-02 19:03:43.710034,915.16
BR0904,2024-09-29 19:03:43.710036,282.7
BR0905,2024-01-27 19:03:43.710038,170.11
BR0906,2024-08-10 19:03:43.710040,481.87
BR0907,2024-10-22 19:03:43.710042,696.71
BR0908,2024-04-04 19:03:43.710044,344.68
BR0909,2024-01-28 19:03:43.710046,844.78
BR0910,2023-12-20 19:03:43.710048,671.88
BR0911,2024-05-19 19:03:43.710050,532.76
BR0912,2024-01-09 19:03:43.710052,715.73
BR0913,2024-09-02 19:03:43.710054,201.77
BR0914,2024-05-05 19:03:43.710056,608.35
BR0915,2024-02-21 19:03:43.710058,901.52
BR0916,2024-01-26 19:03:43.710060,305.2
BR0917,2024-10-07 19:03:43.710062,309.22
BR0918,2024-01-06 19:03:43.710064,329.59
BR0919,2024-09-08 19:03:43.710066,844.87
BR0920,2024-06-11 19:03:43.710068,376.6
BR0921,2024-01-17 19:03:43.710070,629.94
BR0922,2023-12-23 19:03:43.710073,640.89
BR0923,2024-07-20 19:03:43.710075,380.54
BR0924,2024-03-18 19:03:43.710077,358.42
BR0925,2024-05-09 19:03:43.710079,147.39
BR0926,2024-01-24 19:03:43.710081,695.36
BR0927,2024-03-05 19:03:43.710083,277.03
BR0928,2024-04-25 19:03:43.710085,440.78
BR0929,2024-06-28 19:03:43.710087,439.92
BR0930,2024-01-24 19:03:43.710089,544.32
BR0931,2024-01-20 19:03:43.710091,807.14
BR0932,2024-07-05 19:03:43.710093,678.47
BR0933,2024-04-25 19:03:43.710095,593.36
BR0934,2024-07-30 19:03:43.710097,371.58
BR0935,2024-07-19 19:03:43.710099,928.87
BR0936,2024-01-22 19:03:43.710101,403.57
BR0937,2023-12-05 19:03:43.710103,583.77
BR0938,2024-09-05 19:03:43.710105,647.53
BR0939,2024-05-29 19:03:43.710107,601.41
BR0940,2024-04-29 19:03:43.710109,908.91
BR0941,2024-06-29 19:03:43.710111,435.65
BR0942,2024-02-21 19:03:43.710113,245.56
BR0943,2024-05-27 19:03:43.710115,832.12
BR0944,2023-11-06 19:03:43.710117,162.58
BR0945,2024-01-26 19:03:43.710119,675.42
BR0946,2024-10-13 19:03:43.710121,181.38
BR0947,2024-09-22 19:03:43.710123,943.27
BR0948,2024-01-03 19:03:43.710125,560.99
BR0949,2024-02-07 19:03:43.710128,885.94
BR0950,2024-06-25 19:03:43.710130,893.29
BR0951,2024-02-06 19:03:43.710132,685.73
BR0952,2023-12-16 19:03:43.710134,802.37
BR0953,2024-08-08 19:03:43.710136,478.98
BR0954,2024-01-04 19:03:43.710138,880.22
BR0955,2024-10-17 19:03:43.710140,336.6
BR0956,2024-05-18 19:03:43.710142,724.09
BR0957,2024-01-19 19:03:43.710144,611.18
BR0958,2023-11-06 19:03:43.710146,126.94
BR0959,2023-12-20 19:03:43.710148,807.5
BR0960,2024-06-02 19:03:43.710150,630.73
BR0961,2024-06-05 19:03:43.710152,519.58
BR0962,2024-08-06 19:03:43.710154,690.18
BR0963,2023-11-05 19:03:43.710156,237.04
BR0964,2024-03-27 19:03:43.710158,712.31
BR0965,2024-01-31 19:03:43.710160,153.13
BR0966,2024-03-18 19:03:43.710162,752.48
BR0967,2023-12-06 19:03:43.710164,266.18
BR0968,2024-07-25 19:03:43.710166,160.33
BR0969,2024-02-15 19:03:43.710168,675.51
BR0970,2024-08-30 19:03:43.710170,242.7
BR0971,2024-05-18 19:03:43.710172,644.51
BR0972,2024-05-31 19:03:43.710174,978.73
BR0973,2024-05-03 19:03:43.710176,373.74
BR0974,2024-06-08 19:03:43.710178,948.12
BR0975,2023-12-06 19:03:43.710180,664.28
BR0976,2024-02-29 19:03:43.710182,467.8
BR0977,2024-01-30 19:03:43.710184,154.25
BR0978,2024-01-06 19:03:43.710187,701.3
BR0979,2024-05-26 19:03:43.710189,781.42
BR0980,2024-08-11 19:03:43.710190,635.1
BR0981,2023-11-27 19:03:43.710193,865.1
BR0982,2024-06-29 19:03:43.710195,341.71
BR0983,2024-02-18 19:03:43.710197,104.46
BR0984,2024-08-27 19:03:43.710199,147.78
BR0985,2024-03-29 19:03:43.710201,914.58
BR0986,2024-06-24 19:03:43.710203,476.65
BR0987,2024-06-20 19:03:43.710205,746.74
BR0988,2024-02-27 19:03:43.710207,209.8
BR0989,2023-11-21 19:03:43.710209,410.15
BR0990,2023-11-11 19:03:43.710211,537.0
BR0991,2024-05-24 19:03:43.710213,111.26
BR0992,2024-10-08 19:03:43.710215,927.27
BR0993,2024-09-13 19:03:43.710217,587.86
BR0994,2024-02-12 19:03:43.710219,759.57
BR0995,2024-07-22 19:03:43.710221,769.61
BR0996,2024-03-03 19:03:43.710223,291.18
BR0997,2024-05-02 19:03:43.710225,223.15
BR0998,2024-07-17 19:03:43.710227,429.19
BR0999,2024-09-03 19:03:43.710229,868.9
BR1000,2024-01-03 19:03:43.710231,503.66
